player_name,stat_type,line,predicted_value,confidence_score,volatility_score,recommendation,bbref_id,timestamp,confidence_over,confidence_under,over_hit_count,under_hit_count,percentile_20_value,trap_confirmed_by,anomaly_type,is_trap_line,debug_diff,debug_notes
Lexie Hull,Points,14.5,9.8,0.0,0.5,PASS,hulllle01w,2025-06-17T11:02:51.401690,,,0,0,,,NORMAL,False,4.699999999999999,
Lexie Hull,Rebounds,3.5,4.3,0.0,0.5,PASS,hulllle01w,2025-06-17T11:02:51.403793,,,0,0,,,NORMAL,False,-0.7999999999999998,
Marina Mabrey,3-PT Made,3.5,2.8,0.0,0.5,PASS,mabrema01w,2025-06-17T11:02:51.407009,,,0,0,,,NORMAL,False,0.7000000000000002,
Marina Mabrey,Rebounds,5.5,5.2,0.0,0.5,PASS,mabrema01w,2025-06-17T11:02:51.410677,,,0,0,,,NORMAL,False,0.2999999999999998,
Marina Mabrey,Points,17.5,17.6,0.0,0.5,PASS,mabrema01w,2025-06-17T11:02:51.412854,,,0,0,,,NORMAL,False,-0.10000000000000142,
Marina Mabrey,Pts+Rebs+Asts,34.5,26.6,0.0,0.5,PASS,mabrema01w,2025-06-17T11:02:51.414890,0.01300000000000004,0.9,0,0,,confidence,DEMON,True,7.899999999999999,"diff=7.9, conf_over=0.013, conf_under=0.900"
Marina Mabrey,Pts+Rebs+Asts,29.5,26.6,0.0,0.5,PASS,mabrema01w,2025-06-17T11:02:51.416956,,,0,0,,,NORMAL,False,2.8999999999999986,
Marina Mabrey,Pts+Rebs+Asts,39.5,26.6,0.0,0.5,PASS,mabrema01w,2025-06-17T11:02:51.419234,0.01,0.9,0,0,,confidence,DEMON,True,12.899999999999999,"diff=12.9, conf_over=0.010, conf_under=0.900"
Marina Mabrey,Points,29.5,17.6,0.0,0.5,PASS,mabrema01w,2025-06-17T11:02:51.421196,0.01,0.9,0,0,,confidence,DEMON,True,11.899999999999999,"diff=11.9, conf_over=0.010, conf_under=0.900"
Marina Mabrey,3-PT Made,4.5,2.8,0.0,0.5,PASS,mabrema01w,2025-06-17T11:02:51.423151,,,0,0,,,NORMAL,False,1.7000000000000002,
Marina Mabrey,Assists,5.5,3.8,0.0,0.5,PASS,mabrema01w,2025-06-17T11:02:51.425248,,,0,0,,,NORMAL,False,1.7000000000000002,
Marina Mabrey,Fantasy Score,30.5,0.0,0.0,0.5,PASS,mabrema01w,2025-06-17T11:02:51.427379,0.01,0.9,0,0,,confidence,DEMON,True,30.5,"diff=30.5, conf_over=0.010, conf_under=0.900"
Marina Mabrey,Pts+Rebs,22.5,22.8,0.0,0.5,PASS,mabrema01w,2025-06-17T11:02:51.429433,,,0,0,,,NORMAL,False,-0.3000000000000007,
Marina Mabrey,Points,14.5,17.6,0.0,0.5,PASS,mabrema01w,2025-06-17T11:02:51.431366,0.724,0.15699999999999997,0,0,,,NORMAL,False,-3.1000000000000014,"diff=-3.1, conf_over=0.724, conf_under=0.157"
Marina Mabrey,Points,24.5,17.6,0.0,0.5,PASS,mabrema01w,2025-06-17T11:02:51.433623,0.04300000000000004,0.8759999999999999,0,0,,confidence,DEMON,True,6.899999999999999,"diff=6.9, conf_over=0.043, conf_under=0.876"
Marina Mabrey,Rebs+Asts,8.0,9.0,0.0,0.5,PASS,mabrema01w,2025-06-17T11:02:51.435612,,,0,0,,,NORMAL,False,-1.0,
Marina Mabrey,Rebounds,3.5,5.2,0.0,0.5,PASS,mabrema01w,2025-06-17T11:02:51.437536,,,0,0,,,NORMAL,False,-1.7000000000000002,
Marina Mabrey,Assists,4.5,3.8,0.0,0.5,PASS,mabrema01w,2025-06-17T11:02:51.439589,,,0,0,,,NORMAL,False,0.7000000000000002,
Marina Mabrey,Rebounds,6.5,5.2,0.0,0.5,PASS,mabrema01w,2025-06-17T11:02:51.441575,,,0,0,,,NORMAL,False,1.2999999999999998,
Marina Mabrey,Assists,2.5,3.8,0.0,0.5,PASS,mabrema01w,2025-06-17T11:02:51.443502,,,0,0,,,NORMAL,False,-1.2999999999999998,
Marina Mabrey,Rebounds,4.5,5.2,0.0,0.5,PASS,mabrema01w,2025-06-17T11:02:51.445461,,,0,0,,,NORMAL,False,-0.7000000000000002,
Marina Mabrey,Points,16.5,17.6,0.0,0.5,PASS,mabrema01w,2025-06-17T11:02:51.447504,,,0,0,,,NORMAL,False,-1.1000000000000014,
Marina Mabrey,3-PT Made,5.5,2.8,0.0,0.5,PASS,mabrema01w,2025-06-17T11:02:51.449418,,,0,0,,,NORMAL,False,2.7,
Marina Mabrey,Assists,6.5,3.8,0.0,0.5,PASS,mabrema01w,2025-06-17T11:02:51.451324,,,0,0,,,NORMAL,False,2.7,
Marina Mabrey,Pts+Asts,21.5,21.4,0.0,0.5,PASS,mabrema01w,2025-06-17T11:02:51.453430,,,0,0,,,NORMAL,False,0.10000000000000142,
Marina Mabrey,Pts+Rebs+Asts,24.5,26.6,0.0,0.5,PASS,mabrema01w,2025-06-17T11:02:51.455537,,,0,0,,,NORMAL,False,-2.1000000000000014,
Marina Mabrey,Assists,3.0,3.8,0.0,0.5,PASS,mabrema01w,2025-06-17T11:02:51.457608,,,0,0,,,NORMAL,False,-0.7999999999999998,
Marina Mabrey,Points,19.5,17.6,0.0,0.5,PASS,mabrema01w,2025-06-17T11:02:51.459636,,,0,0,,,NORMAL,False,1.8999999999999986,
Marina Mabrey,Rebounds,7.5,5.2,0.0,0.5,PASS,mabrema01w,2025-06-17T11:02:51.461954,,,0,0,,,NORMAL,False,2.3,
Marina Mabrey,3-PT Made,1.5,2.8,0.0,0.5,PASS,mabrema01w,2025-06-17T11:02:51.463990,,,0,0,,,NORMAL,False,-1.2999999999999998,
Marina Mabrey,Pts+Rebs+Asts,26.0,26.6,0.0,0.5,PASS,mabrema01w,2025-06-17T11:02:51.466012,,,0,0,,,NORMAL,False,-0.6000000000000014,
Caitlin Clark,Points,21.5,21.1,0.0,0.5,PASS,clarkca01w,2025-06-17T11:02:51.468619,,,0,0,,,NORMAL,False,0.3999999999999986,
Caitlin Clark,Pts+Rebs+Asts,36.5,35.5,0.0,0.5,PASS,clarkca01w,2025-06-17T11:02:51.470624,,,0,0,,,NORMAL,False,1.0,
Caitlin Clark,Fantasy Score,43.5,19.4,0.0,0.5,PASS,clarkca01w,2025-06-17T11:02:51.472556,0.01,0.9,0,0,,confidence,DEMON,True,24.1,"diff=24.1, conf_over=0.010, conf_under=0.900"
Caitlin Clark,Assists,7.5,8.9,0.0,0.5,PASS,clarkca01w,2025-06-17T11:02:51.475836,,,0,0,,,NORMAL,False,-1.4000000000000004,
Caitlin Clark,Points,19.5,21.1,0.0,0.5,PASS,clarkca01w,2025-06-17T11:02:51.477825,,,0,0,,,NORMAL,False,-1.6000000000000014,
Caitlin Clark,Rebounds,5.5,5.5,0.0,0.5,PASS,clarkca01w,2025-06-17T11:02:51.479748,,,0,0,,,NORMAL,False,0.0,
Caitlin Clark,Rebounds,9.5,5.5,0.0,0.5,PASS,clarkca01w,2025-06-17T11:02:51.481786,,,0,0,,,NORMAL,False,4.0,
Caitlin Clark,Pts+Rebs+Asts,39.5,35.5,0.0,0.5,PASS,clarkca01w,2025-06-17T11:02:51.483813,,,0,0,,,NORMAL,False,4.0,
Caitlin Clark,Rebounds,8.5,5.5,0.0,0.5,PASS,clarkca01w,2025-06-17T11:02:51.485755,,,0,0,,,NORMAL,False,3.0,
Caitlin Clark,Assists,9.5,8.9,0.0,0.5,PASS,clarkca01w,2025-06-17T11:02:51.487733,,,0,0,,,NORMAL,False,0.5999999999999996,
Caitlin Clark,Points,20.5,21.1,0.0,0.5,PASS,clarkca01w,2025-06-17T11:02:51.489769,,,0,0,,,NORMAL,False,-0.6000000000000014,
Caitlin Clark,3-PT Made,3.5,3.3,0.0,0.5,PASS,clarkca01w,2025-06-17T11:02:51.491754,,,0,0,,,NORMAL,False,0.20000000000000018,
Caitlin Clark,Points,29.5,21.1,0.0,0.5,PASS,clarkca01w,2025-06-17T11:02:51.493654,0.01,0.9,0,0,,confidence,DEMON,True,8.399999999999999,"diff=8.4, conf_over=0.010, conf_under=0.900"
Caitlin Clark,Assists,11.5,8.9,0.0,0.5,PASS,clarkca01w,2025-06-17T11:02:51.495755,,,0,0,,,NORMAL,False,2.5999999999999996,
Caitlin Clark,Pts+Rebs+Asts,44.5,35.5,0.0,0.5,PASS,clarkca01w,2025-06-17T11:02:51.497725,0.01,0.9,0,0,,confidence,DEMON,True,9.0,"diff=9.0, conf_over=0.010, conf_under=0.900"
Caitlin Clark,3-PT Made,5.5,3.3,0.0,0.5,PASS,clarkca01w,2025-06-17T11:02:51.499627,,,0,0,,,NORMAL,False,2.2,
Caitlin Clark,Pts+Rebs+Asts,49.5,35.5,0.0,0.5,PASS,clarkca01w,2025-06-17T11:02:51.501710,0.01,0.9,0,0,,confidence,DEMON,True,14.0,"diff=14.0, conf_over=0.010, conf_under=0.900"
Caitlin Clark,Rebounds,6.0,5.5,0.0,0.5,PASS,clarkca01w,2025-06-17T11:02:51.503668,,,0,0,,,NORMAL,False,0.5,
Caitlin Clark,Points,22.5,21.1,0.0,0.5,PASS,clarkca01w,2025-06-17T11:02:51.507432,,,0,0,,,NORMAL,False,1.3999999999999986,
Caitlin Clark,Rebs+Asts,15.5,14.4,0.0,0.5,PASS,clarkca01w,2025-06-17T11:02:51.509857,,,0,0,,,NORMAL,False,1.0999999999999996,
Caitlin Clark,Rebounds,4.5,5.5,0.0,0.5,PASS,clarkca01w,2025-06-17T11:02:51.511945,,,0,0,,,NORMAL,False,-1.0,
Caitlin Clark,Pts+Asts,31.5,30.0,0.0,0.5,PASS,clarkca01w,2025-06-17T11:02:51.513988,,,0,0,,,NORMAL,False,1.5,
Caitlin Clark,Assists,8.5,8.9,0.0,0.5,PASS,clarkca01w,2025-06-17T11:02:51.516201,,,0,0,,,NORMAL,False,-0.40000000000000036,
Caitlin Clark,3-PT Made,4.5,3.3,0.0,0.5,PASS,clarkca01w,2025-06-17T11:02:51.518367,,,0,0,,,NORMAL,False,1.2000000000000002,
Caitlin Clark,Points,17.5,21.1,0.0,0.5,PASS,clarkca01w,2025-06-17T11:02:51.520487,0.744,0.14199999999999996,0,0,,,NORMAL,False,-3.6000000000000014,"diff=-3.6, conf_over=0.744, conf_under=0.142"
Caitlin Clark,Assists,13.5,8.9,0.0,0.5,PASS,clarkca01w,2025-06-17T11:02:51.522603,,,0,0,,,NORMAL,False,4.6,
Caitlin Clark,Pts+Rebs+Asts,34.5,35.5,0.0,0.5,PASS,clarkca01w,2025-06-17T11:02:51.524674,,,0,0,,,NORMAL,False,-1.0,
Caitlin Clark,3-PT Made,2.5,3.3,0.0,0.5,PASS,clarkca01w,2025-06-17T11:02:51.526582,,,0,0,,,NORMAL,False,-0.7999999999999998,
Caitlin Clark,Pts+Rebs,27.5,26.6,0.0,0.5,PASS,clarkca01w,2025-06-17T11:02:51.528509,,,0,0,,,NORMAL,False,0.8999999999999986,
Caitlin Clark,Points,24.5,21.1,0.0,0.5,PASS,clarkca01w,2025-06-17T11:02:51.530581,,,0,0,,,NORMAL,False,3.3999999999999986,
Caitlin Clark,Rebounds,7.5,5.5,0.0,0.5,PASS,clarkca01w,2025-06-17T11:02:51.532489,,,0,0,,,NORMAL,False,2.0,
Kelsey Mitchell,Pts+Rebs+Asts,20.5,21.4,0.0,0.5,PASS,mitchke01w,2025-06-17T11:02:51.535469,,,0,0,,,NORMAL,False,-0.8999999999999986,
Kelsey Mitchell,Points,15.5,17.2,0.0,0.5,PASS,mitchke01w,2025-06-17T11:02:51.537723,,,0,0,,,NORMAL,False,-1.6999999999999993,
Kelsey Mitchell,Points,19.5,17.2,0.0,0.5,PASS,mitchke01w,2025-06-17T11:02:51.539634,,,0,0,,,NORMAL,False,2.3000000000000007,
Kelsey Mitchell,Points,17.0,17.2,0.0,0.5,PASS,mitchke01w,2025-06-17T11:02:51.541535,,,0,0,,,NORMAL,False,-0.1999999999999993,
Kelsey Mitchell,Points,24.5,17.2,0.0,0.5,PASS,mitchke01w,2025-06-17T11:02:51.543816,0.031,0.892,0,0,,confidence,DEMON,True,7.300000000000001,"diff=7.3, conf_over=0.031, conf_under=0.892"
Kelsey Mitchell,3-PT Made,3.5,1.7,0.0,0.5,PASS,mitchke01w,2025-06-17T11:02:51.545833,,,0,0,,,NORMAL,False,1.8,
Kelsey Mitchell,Fantasy Score,24.5,0.0,0.0,0.5,PASS,mitchke01w,2025-06-17T11:02:51.547781,0.01,0.9,0,0,,confidence,DEMON,True,24.5,"diff=24.5, conf_over=0.010, conf_under=0.900"
Kelsey Mitchell,Points,14.5,17.2,0.0,0.5,PASS,mitchke01w,2025-06-17T11:02:51.549743,,,0,0,,,NORMAL,False,-2.6999999999999993,
Kelsey Mitchell,3-PT Made,2.5,1.7,0.0,0.5,PASS,mitchke01w,2025-06-17T11:02:51.552977,,,0,0,,,NORMAL,False,0.8,
Kelsey Mitchell,3-PT Made,1.5,1.7,0.0,0.5,PASS,mitchke01w,2025-06-17T11:02:51.554904,,,0,0,,,NORMAL,False,-0.19999999999999996,
Aliyah Boston,Points,14.5,13.9,0.0,0.5,PASS,bostoal01w,2025-06-17T11:02:51.557909,,,0,0,,,NORMAL,False,0.5999999999999996,
Aliyah Boston,Rebounds,10.5,7.6,0.0,0.5,PASS,bostoal01w,2025-06-17T11:02:51.559811,,,0,0,,,NORMAL,False,2.9000000000000004,
Aliyah Boston,Points,9.5,13.9,0.0,0.5,PASS,bostoal01w,2025-06-17T11:02:51.561746,0.776,0.118,0,0,,,NORMAL,False,-4.4,"diff=-4.4, conf_over=0.776, conf_under=0.118"
Aliyah Boston,Rebounds,11.5,7.6,0.0,0.5,PASS,bostoal01w,2025-06-17T11:02:51.563787,,,0,0,,,NORMAL,False,3.9000000000000004,
Aliyah Boston,Pts+Rebs+Asts,29.5,25.6,0.0,0.5,PASS,bostoal01w,2025-06-17T11:02:51.566160,,,0,0,,,NORMAL,False,3.8999999999999986,
Aliyah Boston,Assists,5.5,4.1,0.0,0.5,PASS,bostoal01w,2025-06-17T11:02:51.568113,,,0,0,,,NORMAL,False,1.4000000000000004,
Aliyah Boston,Points,19.5,13.9,0.0,0.5,PASS,bostoal01w,2025-06-17T11:02:51.570074,0.08200000000000002,0.824,0,0,,,VOLATILE,False,5.6,"diff=5.6, conf_over=0.082, conf_under=0.824"
Aliyah Boston,Pts+Rebs+Asts,34.5,25.6,0.0,0.5,PASS,bostoal01w,2025-06-17T11:02:51.572271,0.01,0.9,0,0,,confidence,DEMON,True,8.899999999999999,"diff=8.9, conf_over=0.010, conf_under=0.900"
Aliyah Boston,Assists,2.5,4.1,0.0,0.5,PASS,bostoal01w,2025-06-17T11:02:51.574211,,,0,0,,,NORMAL,False,-1.5999999999999996,
Aliyah Boston,Points,13.5,13.9,0.0,0.5,PASS,bostoal01w,2025-06-17T11:02:51.576131,,,0,0,,,NORMAL,False,-0.40000000000000036,
Aliyah Boston,Rebs+Asts,12.0,11.7,0.0,0.5,PASS,bostoal01w,2025-06-17T11:02:51.578281,,,0,0,,,NORMAL,False,0.3000000000000007,
Aliyah Boston,Rebounds,9.5,7.6,0.0,0.5,PASS,bostoal01w,2025-06-17T11:02:51.580456,,,0,0,,,NORMAL,False,1.9000000000000004,
Aliyah Boston,Points,11.5,13.9,0.0,0.5,PASS,bostoal01w,2025-06-17T11:02:51.582527,,,0,0,,,NORMAL,False,-2.4000000000000004,
Aliyah Boston,Rebounds,6.5,7.6,0.0,0.5,PASS,bostoal01w,2025-06-17T11:02:51.584489,,,0,0,,,NORMAL,False,-1.0999999999999996,
Aliyah Boston,Rebounds,7.5,7.6,0.0,0.5,PASS,bostoal01w,2025-06-17T11:02:51.586763,,,0,0,,,NORMAL,False,-0.09999999999999964,
Aliyah Boston,Rebounds,5.5,7.6,0.0,0.5,PASS,bostoal01w,2025-06-17T11:02:51.588713,,,0,0,,,NORMAL,False,-2.0999999999999996,
Aliyah Boston,Pts+Rebs+Asts,19.5,25.6,0.0,0.5,PASS,bostoal01w,2025-06-17T11:02:51.590788,0.8440000000000001,0.06699999999999998,0,0,,confidence,GOBLIN,True,-6.100000000000001,"diff=-6.1, conf_over=0.844, conf_under=0.067"
Aliyah Boston,Pts+Rebs,21.5,21.5,0.0,0.5,PASS,bostoal01w,2025-06-17T11:02:51.592987,,,0,0,,,NORMAL,False,0.0,
Aliyah Boston,Assists,4.5,4.1,0.0,0.5,PASS,bostoal01w,2025-06-17T11:02:51.595742,,,0,0,,,NORMAL,False,0.40000000000000036,
Aliyah Boston,Assists,6.5,4.1,0.0,0.5,PASS,bostoal01w,2025-06-17T11:02:51.597868,,,0,0,,,NORMAL,False,2.4000000000000004,
Aliyah Boston,Pts+Rebs+Asts,25.5,25.6,0.0,0.5,PASS,bostoal01w,2025-06-17T11:02:51.600096,,,0,0,,,NORMAL,False,-0.10000000000000142,
Aliyah Boston,Pts+Asts,17.5,18.0,0.0,0.5,PASS,bostoal01w,2025-06-17T11:02:51.602118,,,0,0,,,NORMAL,False,-0.5,
Aliyah Boston,Assists,4.0,4.1,0.0,0.5,PASS,bostoal01w,2025-06-17T11:02:51.606040,,,0,0,,,NORMAL,False,-0.09999999999999964,
Aliyah Boston,Fantasy Score,31.5,0.0,0.0,0.5,PASS,bostoal01w,2025-06-17T11:02:51.608036,0.01,0.9,0,0,,confidence,DEMON,True,31.5,"diff=31.5, conf_over=0.010, conf_under=0.900"
Aliyah Boston,Assists,3.5,4.1,0.0,0.5,PASS,bostoal01w,2025-06-17T11:02:51.609963,,,0,0,,,NORMAL,False,-0.5999999999999996,
Tina Charles,Pts+Rebs+Asts,25.5,23.9,0.0,0.5,PASS,charlti01w,2025-06-17T11:02:51.612036,,,0,0,,,NORMAL,False,1.6000000000000014,
Tina Charles,Points,15.5,16.8,0.0,0.5,PASS,charlti01w,2025-06-17T11:02:51.614390,,,0,0,,,NORMAL,False,-1.3000000000000007,
Tina Charles,Fantasy Score,28.5,0.0,0.0,0.5,PASS,charlti01w,2025-06-17T11:02:51.616402,0.01,0.9,0,0,,confidence,DEMON,True,28.5,
Tina Charles,Rebounds,7.5,5.5,0.0,0.5,PASS,charlti01w,2025-06-17T11:02:51.620292,,,0,0,,,NORMAL,False,2.0,
Tina Charles,Rebounds,4.5,5.5,0.0,0.5,PASS,charlti01w,2025-06-17T11:02:51.622538,,,0,0,,,NORMAL,False,-1.0,
Tina Charles,Rebounds,6.0,5.5,0.0,0.5,PASS,charlti01w,2025-06-17T11:02:51.625457,,,0,0,,,NORMAL,False,0.5,
Tina Charles,Points,19.5,16.8,0.0,0.5,PASS,charlti01w,2025-06-17T11:02:51.627726,,,0,0,,,NORMAL,False,2.6999999999999993,
Tina Charles,Pts+Rebs,23.5,22.3,0.0,0.5,PASS,charlti01w,2025-06-17T11:02:51.629769,,,0,0,,,NORMAL,False,1.1999999999999993,
Tina Charles,Points,24.5,16.8,0.0,0.5,PASS,charlti01w,2025-06-17T11:02:51.631884,0.019000000000000017,0.9,0,0,,confidence,DEMON,True,7.699999999999999,
Tina Charles,Rebounds,5.5,5.5,0.0,0.5,PASS,charlti01w,2025-06-17T11:02:51.634115,,,0,0,,,NORMAL,False,0.0,
Tina Charles,Rebounds,9.5,5.5,0.0,0.5,PASS,charlti01w,2025-06-17T11:02:51.636133,,,0,0,,,NORMAL,False,4.0,
Tina Charles,Rebounds,8.5,5.5,0.0,0.5,PASS,charlti01w,2025-06-17T11:02:51.638081,,,0,0,,,NORMAL,False,3.0,
Tina Charles,Points,14.5,16.8,0.0,0.5,PASS,charlti01w,2025-06-17T11:02:51.640109,,,0,0,,,NORMAL,False,-2.3000000000000007,
Tina Charles,Points,16.5,16.8,0.0,0.5,PASS,charlti01w,2025-06-17T11:02:51.642406,,,0,0,,,NORMAL,False,-0.3000000000000007,
Olivia Nelson-Ododa,Rebounds,5.5,6.0,0.0,0.5,PASS,nelsool01w,2025-06-17T11:02:51.644422,,,0,0,,,NORMAL,False,-0.5,
Olivia Nelson-Ododa,Rebounds,7.5,6.0,0.0,0.5,PASS,nelsool01w,2025-06-17T11:02:51.646495,,,0,0,,,NORMAL,False,1.5,
Olivia Nelson-Ododa,Rebounds,4.5,6.0,0.0,0.5,PASS,nelsool01w,2025-06-17T11:02:51.648600,,,0,0,,,NORMAL,False,-1.5,
Olivia Nelson-Ododa,Rebounds,8.5,6.0,0.0,0.5,PASS,nelsool01w,2025-06-17T11:02:51.652243,,,0,0,,,NORMAL,False,2.5,
Olivia Nelson-Ododa,Points,9.5,8.6,0.0,0.5,PASS,nelsool01w,2025-06-17T11:02:51.654205,,,0,0,,,NORMAL,False,0.9000000000000004,
Olivia Nelson-Ododa,Rebounds,9.5,6.0,0.0,0.5,PASS,nelsool01w,2025-06-17T11:02:51.656387,,,0,0,,,NORMAL,False,3.5,
Rhyne Howard,Pts+Rebs,23.0,23.8,0.0,0.5,PASS,howarrh01w,2025-06-17T11:02:51.658461,,,0,0,,,NORMAL,False,-0.8000000000000007,
Rhyne Howard,Fantasy Score,35.5,0.0,0.0,0.5,PASS,howarrh01w,2025-06-17T11:02:51.660507,0.01,0.9,0,0,,confidence,DEMON,True,35.5,
Rhyne Howard,Assists,5.5,4.6,0.0,0.5,PASS,howarrh01w,2025-06-17T11:02:51.662675,,,0,0,,,NORMAL,False,0.9000000000000004,
Rhyne Howard,Points,14.5,18.3,0.0,0.5,PASS,howarrh01w,2025-06-17T11:02:51.664736,0.752,0.13599999999999998,0,0,,,NORMAL,False,-3.8000000000000007,
Rhyne Howard,Assists,3.5,4.6,0.0,0.5,PASS,howarrh01w,2025-06-17T11:02:51.666707,,,0,0,,,NORMAL,False,-1.0999999999999996,
Rhyne Howard,Pts+Asts,22.0,22.9,0.0,0.5,PASS,howarrh01w,2025-06-17T11:02:51.668997,,,0,0,,,NORMAL,False,-0.8999999999999986,
Rhyne Howard,Assists,4.0,4.6,0.0,0.5,PASS,howarrh01w,2025-06-17T11:02:51.671076,,,0,0,,,NORMAL,False,-0.5999999999999996,
Rhyne Howard,Assists,2.5,4.6,0.0,0.5,PASS,howarrh01w,2025-06-17T11:02:51.673850,,,0,0,,,NORMAL,False,-2.0999999999999996,
Rhyne Howard,Pts+Rebs+Asts,39.5,28.4,0.0,0.5,PASS,howarrh01w,2025-06-17T11:02:51.675999,0.01,0.9,0,0,,confidence,DEMON,True,11.100000000000001,
Rhyne Howard,Assists,6.5,4.6,0.0,0.5,PASS,howarrh01w,2025-06-17T11:02:51.677988,,,0,0,,,NORMAL,False,1.9000000000000004,
Rhyne Howard,Pts+Rebs+Asts,29.5,28.4,0.0,0.5,PASS,howarrh01w,2025-06-17T11:02:51.679970,,,0,0,,,NORMAL,False,1.1000000000000014,
Rhyne Howard,Pts+Rebs+Asts,24.5,28.4,0.0,0.5,PASS,howarrh01w,2025-06-17T11:02:51.681941,0.7559999999999999,0.13300000000000006,0,0,,,NORMAL,False,-3.8999999999999986,
Rhyne Howard,Assists,4.5,4.6,0.0,0.5,PASS,howarrh01w,2025-06-17T11:02:51.683993,,,0,0,,,NORMAL,False,-0.09999999999999964,
Rhyne Howard,3-PT Made,3.5,3.3,0.0,0.5,PASS,howarrh01w,2025-06-17T11:02:51.685918,,,0,0,,,NORMAL,False,0.20000000000000018,
Rhyne Howard,Points,17.5,18.3,0.0,0.5,PASS,howarrh01w,2025-06-17T11:02:51.687842,,,0,0,,,NORMAL,False,-0.8000000000000007,
Rhyne Howard,Pts+Rebs+Asts,27.5,28.4,0.0,0.5,PASS,howarrh01w,2025-06-17T11:02:51.690054,,,0,0,,,NORMAL,False,-0.8999999999999986,
Rhyne Howard,Pts+Rebs+Asts,34.5,28.4,0.0,0.5,PASS,howarrh01w,2025-06-17T11:02:51.692215,0.06699999999999998,0.8440000000000001,0,0,,confidence,DEMON,True,6.100000000000001,
Rhyne Howard,3-PT Made,4.5,3.3,0.0,0.5,PASS,howarrh01w,2025-06-17T11:02:51.694188,,,0,0,,,NORMAL,False,1.2000000000000002,
Rhyne Howard,Points,24.5,18.3,0.0,0.5,PASS,howarrh01w,2025-06-17T11:02:51.696308,0.06400000000000003,0.848,0,0,,confidence,DEMON,True,6.199999999999999,
Rhyne Howard,Rebounds,7.5,5.5,0.0,0.5,PASS,howarrh01w,2025-06-17T11:02:51.698576,,,0,0,,,NORMAL,False,2.0,
Rhyne Howard,Rebounds,4.5,5.5,0.0,0.5,PASS,howarrh01w,2025-06-17T11:02:51.702250,,,0,0,,,NORMAL,False,-1.0,
Rhyne Howard,Rebounds,8.5,5.5,0.0,0.5,PASS,howarrh01w,2025-06-17T11:02:51.704735,,,0,0,,,NORMAL,False,3.0,
Rhyne Howard,Points,19.5,18.3,0.0,0.5,PASS,howarrh01w,2025-06-17T11:02:51.706789,,,0,0,,,NORMAL,False,1.1999999999999993,
Rhyne Howard,Rebounds,5.5,5.5,0.0,0.5,PASS,howarrh01w,2025-06-17T11:02:51.708783,,,0,0,,,NORMAL,False,0.0,
Rhyne Howard,Rebounds,3.5,5.5,0.0,0.5,PASS,howarrh01w,2025-06-17T11:02:51.710897,,,0,0,,,NORMAL,False,-2.0,
Rhyne Howard,Rebounds,5.0,5.5,0.0,0.5,PASS,howarrh01w,2025-06-17T11:02:51.712865,,,0,0,,,NORMAL,False,-0.5,
Rhyne Howard,3-PT Made,5.5,3.3,0.0,0.5,PASS,howarrh01w,2025-06-17T11:02:51.714815,,,0,0,,,NORMAL,False,2.2,
Rhyne Howard,3-PT Made,2.5,3.3,0.0,0.5,PASS,howarrh01w,2025-06-17T11:02:51.716877,,,0,0,,,NORMAL,False,-0.7999999999999998,
Allisha Gray,Pts+Rebs,22.0,25.8,0.0,0.5,PASS,grayyal01w,2025-06-17T11:02:51.719294,0.752,0.13599999999999998,0,0,,,NORMAL,False,-3.8000000000000007,
Allisha Gray,Fantasy Score,31.0,0.0,0.0,0.5,PASS,grayyal01w,2025-06-17T11:02:51.721276,0.01,0.9,0,0,,confidence,DEMON,True,31.0,
Allisha Gray,3-PT Made,1.5,2.2,0.0,0.5,PASS,grayyal01w,2025-06-17T11:02:51.723294,,,0,0,,,NORMAL,False,-0.7000000000000002,
Allisha Gray,Pts+Rebs+Asts,24.5,30.0,0.0,0.5,PASS,grayyal01w,2025-06-17T11:02:51.725518,0.82,0.08500000000000002,0,0,,confidence,GOBLIN,True,-5.5,
Allisha Gray,Points,24.5,20.6,0.0,0.5,PASS,grayyal01w,2025-06-17T11:02:51.727426,,,0,0,,,NORMAL,False,3.8999999999999986,
Allisha Gray,Assists,5.5,4.2,0.0,0.5,PASS,grayyal01w,2025-06-17T11:02:51.731186,,,0,0,,,NORMAL,False,1.2999999999999998,
Allisha Gray,Assists,2.5,4.2,0.0,0.5,PASS,grayyal01w,2025-06-17T11:02:51.733275,,,0,0,,,NORMAL,False,-1.7000000000000002,
Allisha Gray,Points,15.5,20.6,0.0,0.5,PASS,grayyal01w,2025-06-17T11:02:51.735239,0.804,0.09699999999999998,0,0,,confidence,GOBLIN,True,-5.100000000000001,
Allisha Gray,3-PT Made,3.5,2.2,0.0,0.5,PASS,grayyal01w,2025-06-17T11:02:51.737198,,,0,0,,,NORMAL,False,1.2999999999999998,
Allisha Gray,Points,14.5,20.6,0.0,0.5,PASS,grayyal01w,2025-06-17T11:02:51.739445,0.8440000000000001,0.06699999999999998,0,0,,confidence,GOBLIN,True,-6.100000000000001,
Allisha Gray,Points,16.5,20.6,0.0,0.5,PASS,grayyal01w,2025-06-17T11:02:51.742316,0.764,0.12699999999999995,0,0,,,NORMAL,False,-4.100000000000001,
Allisha Gray,Pts+Rebs+Asts,29.5,30.0,0.0,0.5,PASS,grayyal01w,2025-06-17T11:02:51.744316,,,0,0,,,NORMAL,False,-0.5,
Allisha Gray,Rebounds,6.5,5.2,0.0,0.5,PASS,grayyal01w,2025-06-17T11:02:51.746735,,,0,0,,,NORMAL,False,1.2999999999999998,
Allisha Gray,3-PT Made,2.5,2.2,0.0,0.5,PASS,grayyal01w,2025-06-17T11:02:51.748653,,,0,0,,,NORMAL,False,0.2999999999999998,
Allisha Gray,Rebounds,5.0,5.2,0.0,0.5,PASS,grayyal01w,2025-06-17T11:02:51.750572,,,0,0,,,NORMAL,False,-0.20000000000000018,
Allisha Gray,Pts+Rebs+Asts,27.5,30.0,0.0,0.5,PASS,grayyal01w,2025-06-17T11:02:51.752763,,,0,0,,,NORMAL,False,-2.5,
Allisha Gray,Points,19.5,20.6,0.0,0.5,PASS,grayyal01w,2025-06-17T11:02:51.755623,,,0,0,,,NORMAL,False,-1.1000000000000014,
Allisha Gray,Assists,4.5,4.2,0.0,0.5,PASS,grayyal01w,2025-06-17T11:02:51.757476,,,0,0,,,NORMAL,False,0.2999999999999998,
Allisha Gray,Rebounds,4.5,5.2,0.0,0.5,PASS,grayyal01w,2025-06-17T11:02:51.759629,,,0,0,,,NORMAL,False,-0.7000000000000002,
Allisha Gray,Points,18.5,20.6,0.0,0.5,PASS,grayyal01w,2025-06-17T11:02:51.761637,,,0,0,,,NORMAL,False,-2.1000000000000014,
Allisha Gray,3-PT Made,4.5,2.2,0.0,0.5,PASS,grayyal01w,2025-06-17T11:02:51.763547,,,0,0,,,NORMAL,False,2.3,
Allisha Gray,Pts+Rebs+Asts,25.5,30.0,0.0,0.5,PASS,grayyal01w,2025-06-17T11:02:51.765772,0.78,0.11499999999999999,0,0,,,NORMAL,False,-4.5,
Allisha Gray,Pts+Asts,20.5,24.8,0.0,0.5,PASS,grayyal01w,2025-06-17T11:02:51.767750,0.772,0.121,0,0,,,NORMAL,False,-4.300000000000001,
Allisha Gray,Rebounds,5.5,5.2,0.0,0.5,PASS,grayyal01w,2025-06-17T11:02:51.770698,,,0,0,,,NORMAL,False,0.2999999999999998,
Allisha Gray,Rebounds,7.5,5.2,0.0,0.5,PASS,grayyal01w,2025-06-17T11:02:51.772837,,,0,0,,,NORMAL,False,2.3,
Allisha Gray,Rebounds,3.5,5.2,0.0,0.5,PASS,grayyal01w,2025-06-17T11:02:51.774855,,,0,0,,,NORMAL,False,-1.7000000000000002,
Allisha Gray,Pts+Rebs+Asts,34.5,30.0,0.0,0.5,PASS,grayyal01w,2025-06-17T11:02:51.776790,,,0,0,,,NORMAL,False,4.5,
Brittney Griner,Pts+Rebs,16.0,17.0,0.0,0.5,PASS,grinebr01w,2025-06-17T11:02:51.778771,,,0,0,,,NORMAL,False,-1.0,
Brittney Griner,Points,14.5,10.8,0.0,0.5,PASS,grinebr01w,2025-06-17T11:02:51.781176,,,0,0,,,NORMAL,False,3.6999999999999993,
Brittney Griner,Points,7.5,10.8,0.0,0.5,PASS,grinebr01w,2025-06-17T11:02:51.783141,0.732,0.15099999999999997,0,0,,,NORMAL,False,-3.3000000000000007,
Brittney Griner,Rebounds,7.5,6.2,0.0,0.5,PASS,grinebr01w,2025-06-17T11:02:51.785932,,,0,0,,,NORMAL,False,1.2999999999999998,
Brittney Griner,Fantasy Score,22.5,2.3,0.0,0.5,PASS,grinebr01w,2025-06-17T11:02:51.788519,0.01,0.9,0,0,,confidence,DEMON,True,20.2,
Brittney Griner,Rebounds,4.5,6.2,0.0,0.5,PASS,grinebr01w,2025-06-17T11:02:51.790473,,,0,0,,,NORMAL,False,-1.7000000000000002,
Brittney Griner,Pts+Rebs+Asts,18.0,17.6,0.0,0.5,PASS,grinebr01w,2025-06-17T11:02:51.792414,,,0,0,,,NORMAL,False,0.3999999999999986,
Brittney Griner,Points,10.5,10.8,0.0,0.5,PASS,grinebr01w,2025-06-17T11:02:51.795352,,,0,0,,,NORMAL,False,-0.3000000000000007,
Brittney Griner,Points,9.5,10.8,0.0,0.5,PASS,grinebr01w,2025-06-17T11:02:51.797212,,,0,0,,,NORMAL,False,-1.3000000000000007,
Brittney Griner,Rebounds,8.5,6.2,0.0,0.5,PASS,grinebr01w,2025-06-17T11:02:51.799286,,,0,0,,,NORMAL,False,2.3,
Brittney Griner,Rebounds,9.5,6.2,0.0,0.5,PASS,grinebr01w,2025-06-17T11:02:51.801460,,,0,0,,,NORMAL,False,3.3,
Brittney Griner,Points,17.5,10.8,0.0,0.5,PASS,grinebr01w,2025-06-17T11:02:51.803389,0.049000000000000016,0.8679999999999999,0,0,,confidence,DEMON,True,6.699999999999999,
Brittney Griner,Rebounds,5.5,6.2,0.0,0.5,PASS,grinebr01w,2025-06-17T11:02:51.805317,,,0,0,,,NORMAL,False,-0.7000000000000002,
Brionna Jones,Fantasy Score,29.0,0.0,0.0,0.5,PASS,jonesbr01w,2025-06-17T11:02:51.807512,0.01,0.9,0,0,,confidence,DEMON,True,29.0,
Brionna Jones,Rebounds,5.5,8.6,0.0,0.5,PASS,jonesbr01w,2025-06-17T11:02:51.809455,0.724,0.15700000000000003,0,0,,,NORMAL,False,-3.0999999999999996,
Brionna Jones,Rebounds,6.5,8.6,0.0,0.5,PASS,jonesbr01w,2025-06-17T11:02:51.811347,,,0,0,,,NORMAL,False,-2.0999999999999996,
Brionna Jones,Points,9.5,12.7,0.0,0.5,PASS,jonesbr01w,2025-06-17T11:02:51.813253,0.728,0.15400000000000003,0,0,,,NORMAL,False,-3.1999999999999993,
Brionna Jones,Points,14.5,12.7,0.0,0.5,PASS,jonesbr01w,2025-06-17T11:02:51.815596,,,0,0,,,NORMAL,False,1.8000000000000007,
Brionna Jones,Rebounds,9.5,8.6,0.0,0.5,PASS,jonesbr01w,2025-06-17T11:02:51.818316,,,0,0,,,NORMAL,False,0.9000000000000004,
Brionna Jones,Points,12.0,12.7,0.0,0.5,PASS,jonesbr01w,2025-06-17T11:02:51.821524,,,0,0,,,NORMAL,False,-0.6999999999999993,
Brionna Jones,Rebounds,8.0,8.6,0.0,0.5,PASS,jonesbr01w,2025-06-17T11:02:51.823625,,,0,0,,,NORMAL,False,-0.5999999999999996,
Brionna Jones,Rebounds,7.5,8.6,0.0,0.5,PASS,jonesbr01w,2025-06-17T11:02:51.825592,,,0,0,,,NORMAL,False,-1.0999999999999996,
Brionna Jones,Pts+Rebs,20.5,21.3,0.0,0.5,PASS,jonesbr01w,2025-06-17T11:02:51.827586,,,0,0,,,NORMAL,False,-0.8000000000000007,
Brionna Jones,Points,19.5,12.7,0.0,0.5,PASS,jonesbr01w,2025-06-17T11:02:51.830805,0.045999999999999985,0.872,0,0,,confidence,DEMON,True,6.800000000000001,
Brionna Jones,Rebounds,11.5,8.6,0.0,0.5,PASS,jonesbr01w,2025-06-17T11:02:51.832805,,,0,0,,,NORMAL,False,2.9000000000000004,
Brionna Jones,Pts+Rebs+Asts,22.5,22.9,0.0,0.5,PASS,jonesbr01w,2025-06-17T11:02:51.835210,,,0,0,,,NORMAL,False,-0.3999999999999986,
Brionna Jones,Points,17.5,12.7,0.0,0.5,PASS,jonesbr01w,2025-06-17T11:02:51.837209,,,0,0,,,NORMAL,False,4.800000000000001,
Brionna Jones,Rebounds,10.5,8.6,0.0,0.5,PASS,jonesbr01w,2025-06-17T11:02:51.839139,,,0,0,,,NORMAL,False,1.9000000000000004,
Breanna Stewart,Points,17.5,19.5,0.0,0.5,PASS,stewabr01w,2025-06-17T11:02:51.841155,,,0,0,,,NORMAL,False,-2.0,
Breanna Stewart,Pts+Rebs,26.0,24.9,0.0,0.5,PASS,stewabr01w,2025-06-17T11:02:51.843368,,,0,0,,,NORMAL,False,1.1000000000000014,
Breanna Stewart,Rebounds,5.5,5.4,0.0,0.5,PASS,stewabr01w,2025-06-17T11:02:51.845315,,,0,0,,,NORMAL,False,0.09999999999999964,
Breanna Stewart,Rebounds,4.5,5.4,0.0,0.5,PASS,stewabr01w,2025-06-17T11:02:51.848266,,,0,0,,,NORMAL,False,-0.9000000000000004,
Breanna Stewart,Fantasy Score,40.0,0.0,0.0,0.5,PASS,stewabr01w,2025-06-17T11:02:51.850668,0.01,0.9,0,0,,confidence,DEMON,True,40.0,
Breanna Stewart,Assists,5.5,3.5,0.0,0.5,PASS,stewabr01w,2025-06-17T11:02:51.852608,,,0,0,,,NORMAL,False,2.0,
Breanna Stewart,Assists,3.5,3.5,0.0,0.5,PASS,stewabr01w,2025-06-17T11:02:51.854598,,,0,0,,,NORMAL,False,0.0,
Breanna Stewart,Points,20.0,19.5,0.0,0.5,PASS,stewabr01w,2025-06-17T11:02:51.857068,,,0,0,,,NORMAL,False,0.5,
Breanna Stewart,Rebounds,7.5,5.4,0.0,0.5,PASS,stewabr01w,2025-06-17T11:02:51.859277,,,0,0,,,NORMAL,False,2.0999999999999996,
Breanna Stewart,Rebounds,8.5,5.4,0.0,0.5,PASS,stewabr01w,2025-06-17T11:02:51.861241,,,0,0,,,NORMAL,False,3.0999999999999996,
Breanna Stewart,Points,29.5,19.5,0.0,0.5,PASS,stewabr01w,2025-06-17T11:02:51.863684,0.01,0.9,0,0,,confidence,DEMON,True,10.0,
Breanna Stewart,Pts+Rebs+Asts,24.5,28.4,0.0,0.5,PASS,stewabr01w,2025-06-17T11:02:51.866592,0.7559999999999999,0.13300000000000006,0,0,,,NORMAL,False,-3.8999999999999986,
Breanna Stewart,Pts+Rebs+Asts,29.5,28.4,0.0,0.5,PASS,stewabr01w,2025-06-17T11:02:51.868730,,,0,0,,,NORMAL,False,1.1000000000000014,
Breanna Stewart,Pts+Rebs+Asts,34.5,28.4,0.0,0.5,PASS,stewabr01w,2025-06-17T11:02:51.871107,0.06699999999999998,0.8440000000000001,0,0,,confidence,DEMON,True,6.100000000000001,
Breanna Stewart,Rebounds,9.5,5.4,0.0,0.5,PASS,stewabr01w,2025-06-17T11:02:51.873068,,,0,0,,,NORMAL,False,4.1,
Breanna Stewart,Points,24.5,19.5,0.0,0.5,PASS,stewabr01w,2025-06-17T11:02:51.875037,0.1203164624207689,0.18325545217209838,0,0,,,VOLATILE,False,5.0,
Breanna Stewart,Rebounds,6.0,5.4,0.0,0.5,PASS,stewabr01w,2025-06-17T11:02:51.878135,,,0,0,,,NORMAL,False,0.5999999999999996,
Sabrina Ionescu,Assists,5.0,5.1,0.0,0.5,PASS,ionessa01w,2025-06-17T11:02:51.880163,,,0,0,,,NORMAL,False,-0.09999999999999964,
Sabrina Ionescu,Rebounds,5.5,3.6,0.0,0.5,PASS,ionessa01w,2025-06-17T11:02:51.882147,,,0,0,,,NORMAL,False,1.9,
Sabrina Ionescu,Pts+Rebs+Asts,28.0,28.2,0.0,0.5,PASS,ionessa01w,2025-06-17T11:02:51.884402,,,0,0,,,NORMAL,False,-0.1999999999999993,
Sabrina Ionescu,Assists,3.5,5.1,0.0,0.5,PASS,ionessa01w,2025-06-17T11:02:51.886497,,,0,0,,,NORMAL,False,-1.5999999999999996,
Sabrina Ionescu,Points,19.5,19.5,0.0,0.5,PASS,ionessa01w,2025-06-17T11:02:51.888498,,,0,0,,,NORMAL,False,0.0,
Sabrina Ionescu,3-PT Made,1.5,2.8,0.0,0.5,PASS,ionessa01w,2025-06-17T11:02:51.890741,,,0,0,,,NORMAL,False,-1.2999999999999998,
Sabrina Ionescu,Points,20.5,19.5,0.0,0.5,PASS,ionessa01w,2025-06-17T11:02:51.892707,,,0,0,,,NORMAL,False,1.0,
Sabrina Ionescu,Assists,4.5,5.1,0.0,0.5,PASS,ionessa01w,2025-06-17T11:02:51.894936,,,0,0,,,NORMAL,False,-0.5999999999999996,
Sabrina Ionescu,Assists,7.5,5.1,0.0,0.5,PASS,ionessa01w,2025-06-17T11:02:51.896968,,,0,0,,,NORMAL,False,2.4000000000000004,
Sabrina Ionescu,Points,14.5,19.5,0.0,0.5,PASS,ionessa01w,2025-06-17T11:02:51.899541,0.8,0.1,0,0,,confidence,GOBLIN,True,-5.0,
Sabrina Ionescu,3-PT Made,2.5,2.8,0.0,0.5,PASS,ionessa01w,2025-06-17T11:02:51.901586,,,0,0,,,NORMAL,False,-0.2999999999999998,
Sabrina Ionescu,Points,18.5,19.5,0.0,0.5,PASS,ionessa01w,2025-06-17T11:02:51.904870,,,0,0,,,NORMAL,False,-1.0,
Sabrina Ionescu,Pts+Rebs+Asts,29.5,28.2,0.0,0.5,PASS,ionessa01w,2025-06-17T11:02:51.907025,,,0,0,,,NORMAL,False,1.3000000000000007,
Sabrina Ionescu,Pts+Rebs+Asts,34.5,28.2,0.0,0.5,PASS,ionessa01w,2025-06-17T11:02:51.909334,0.061,0.8520000000000001,0,0,,confidence,DEMON,True,6.300000000000001,
Sabrina Ionescu,3-PT Made,3.5,2.8,0.0,0.5,PASS,ionessa01w,2025-06-17T11:02:51.912020,,,0,0,,,NORMAL,False,0.7000000000000002,
Sabrina Ionescu,Pts+Rebs+Asts,24.5,28.2,0.0,0.5,PASS,ionessa01w,2025-06-17T11:02:51.914429,0.748,0.139,0,0,,,NORMAL,False,-3.6999999999999993,
Sabrina Ionescu,Points,24.5,19.5,0.0,0.5,PASS,ionessa01w,2025-06-17T11:02:51.916542,0.11299162465871838,0.12093805054688019,0,0,,,VOLATILE,False,5.0,
Sabrina Ionescu,Pts+Rebs,23.0,23.1,0.0,0.5,PASS,ionessa01w,2025-06-17T11:02:51.919154,,,0,0,,,NORMAL,False,-0.10000000000000142,
Sabrina Ionescu,Rebounds,6.5,3.6,0.0,0.5,PASS,ionessa01w,2025-06-17T11:02:51.921226,,,0,0,,,NORMAL,False,2.9,
Sabrina Ionescu,Rebounds,2.5,3.6,0.0,0.5,PASS,ionessa01w,2025-06-17T11:02:51.923198,,,0,0,,,NORMAL,False,-1.1,
Sabrina Ionescu,Assists,8.5,5.1,0.0,0.5,PASS,ionessa01w,2025-06-17T11:02:51.925561,,,0,0,,,NORMAL,False,3.4000000000000004,
Sabrina Ionescu,Pts+Rebs+Asts,39.5,28.2,0.0,0.5,PASS,ionessa01w,2025-06-17T11:02:51.928502,0.01,0.9,0,0,,confidence,DEMON,True,11.3,
Sabrina Ionescu,Rebounds,4.5,3.6,0.0,0.5,PASS,ionessa01w,2025-06-17T11:02:51.930493,,,0,0,,,NORMAL,False,0.8999999999999999,
Sabrina Ionescu,Assists,6.5,5.1,0.0,0.5,PASS,ionessa01w,2025-06-17T11:02:51.932719,,,0,0,,,NORMAL,False,1.4000000000000004,
Sabrina Ionescu,Fantasy Score,35.5,0.0,0.0,0.5,PASS,ionessa01w,2025-06-17T11:02:51.934896,0.01,0.9,0,0,,confidence,DEMON,True,35.5,
Sabrina Ionescu,Pts+Asts,23.5,24.6,0.0,0.5,PASS,ionessa01w,2025-06-17T11:02:51.936993,,,0,0,,,NORMAL,False,-1.1000000000000014,
Sabrina Ionescu,Rebounds,4.0,3.6,0.0,0.5,PASS,ionessa01w,2025-06-17T11:02:51.939210,,,0,0,,,NORMAL,False,0.3999999999999999,
Sabrina Ionescu,Rebounds,3.5,3.6,0.0,0.5,PASS,ionessa01w,2025-06-17T11:02:51.941263,,,0,0,,,NORMAL,False,-0.10000000000000009,
Sabrina Ionescu,Rebs+Asts,9.0,8.7,0.0,0.5,PASS,ionessa01w,2025-06-17T11:02:51.944080,,,0,0,,,NORMAL,False,0.3000000000000007,
Sabrina Ionescu,3-PT Made,4.5,2.8,0.0,0.5,PASS,ionessa01w,2025-06-17T11:02:51.946304,,,0,0,,,NORMAL,False,1.7000000000000002,
Sabrina Ionescu,Points,17.5,19.5,0.0,0.5,PASS,ionessa01w,2025-06-17T11:02:51.948408,,,0,0,,,NORMAL,False,-2.0,
Jonquel Jones,Pts+Rebs+Asts,26.0,24.5,0.0,0.5,PASS,jonesjo01w,2025-06-17T11:02:51.950402,,,0,0,,,NORMAL,False,1.5,
Jonquel Jones,3-PT Made,1.5,1.5,0.0,0.5,PASS,jonesjo01w,2025-06-17T11:02:51.952334,,,0,0,,,NORMAL,False,0.0,
Jonquel Jones,3-PT Made,2.5,1.5,0.0,0.5,PASS,jonesjo01w,2025-06-17T11:02:51.954486,,,0,0,,,NORMAL,False,1.0,
Jonquel Jones,Points,9.5,12.4,0.0,0.5,PASS,jonesjo01w,2025-06-17T11:02:51.956424,,,0,0,,,NORMAL,False,-2.9000000000000004,
Jonquel Jones,Points,13.5,12.4,0.0,0.5,PASS,jonesjo01w,2025-06-17T11:02:51.958389,,,0,0,,,NORMAL,False,1.0999999999999996,
Jonquel Jones,Rebounds,10.0,9.4,0.0,0.5,PASS,jonesjo01w,2025-06-17T11:02:51.960510,,,0,0,,,NORMAL,False,0.5999999999999996,
Jonquel Jones,Pts+Rebs,23.5,21.8,0.0,0.5,PASS,jonesjo01w,2025-06-17T11:02:51.962507,,,0,0,,,NORMAL,False,1.6999999999999993,
Jonquel Jones,Points,17.5,12.4,0.0,0.5,PASS,jonesjo01w,2025-06-17T11:02:51.964450,0.097,0.8039999999999999,0,0,,,VOLATILE,False,5.1,
Jonquel Jones,Points,11.5,12.4,0.0,0.5,PASS,jonesjo01w,2025-06-17T11:02:51.966419,,,0,0,,,NORMAL,False,-0.9000000000000004,
Jonquel Jones,Rebounds,10.5,9.4,0.0,0.5,PASS,jonesjo01w,2025-06-17T11:02:51.969550,,,0,0,,,NORMAL,False,1.0999999999999996,
Jonquel Jones,Rebounds,14.5,9.4,0.0,0.5,PASS,jonesjo01w,2025-06-17T11:02:51.973277,0.097,0.8039999999999999,0,0,,,VOLATILE,False,5.1,
Jonquel Jones,3-PT Made,0.5,1.5,0.0,0.5,PASS,jonesjo01w,2025-06-17T11:02:51.975506,,,0,0,,,NORMAL,False,-1.0,
Jonquel Jones,Rebounds,7.5,9.4,0.0,0.5,PASS,jonesjo01w,2025-06-17T11:02:51.977433,,,0,0,,,NORMAL,False,-1.9000000000000004,
Jonquel Jones,Rebounds,13.5,9.4,0.0,0.5,PASS,jonesjo01w,2025-06-17T11:02:51.979378,,,0,0,,,NORMAL,False,4.1,
Jonquel Jones,Fantasy Score,33.0,7.2,0.0,0.5,PASS,jonesjo01w,2025-06-17T11:02:51.981539,0.01,0.9,0,0,,confidence,DEMON,True,25.8,
Jonquel Jones,Rebounds,8.5,9.4,0.0,0.5,PASS,jonesjo01w,2025-06-17T11:02:51.983431,,,0,0,,,NORMAL,False,-0.9000000000000004,
Jonquel Jones,Points,19.5,12.4,0.0,0.5,PASS,jonesjo01w,2025-06-17T11:02:51.985410,0.037000000000000005,0.8839999999999999,0,0,,confidence,DEMON,True,7.1,
Jonquel Jones,Points,12.5,12.4,0.0,0.5,PASS,jonesjo01w,2025-06-17T11:02:51.987503,,,0,0,,,NORMAL,False,0.09999999999999964,
Jonquel Jones,Points,14.5,12.4,0.0,0.5,PASS,jonesjo01w,2025-06-17T11:02:51.989612,,,0,0,,,NORMAL,False,2.0999999999999996,
Jonquel Jones,Rebounds,9.5,9.4,0.0,0.5,PASS,jonesjo01w,2025-06-17T11:02:51.991510,,,0,0,,,NORMAL,False,0.09999999999999964,
Natasha Cloud,Fantasy Score,25.5,0.0,0.0,0.5,PASS,cloudna01w,2025-06-17T11:02:51.993504,0.01,0.9,0,0,,confidence,DEMON,True,25.5,
Natasha Cloud,Points,7.5,9.0,0.0,0.5,PASS,cloudna01w,2025-06-17T11:02:51.995735,,,0,0,,,NORMAL,False,-1.5,
Natasha Cloud,Assists,8.5,6.1,0.0,0.5,PASS,cloudna01w,2025-06-17T11:02:51.997657,,,0,0,,,NORMAL,False,2.4000000000000004,
Natasha Cloud,Pts+Rebs+Asts,17.5,19.1,0.0,0.5,PASS,cloudna01w,2025-06-17T11:02:51.999713,,,0,0,,,NORMAL,False,-1.6000000000000014,
Natasha Cloud,Assists,4.5,6.1,0.0,0.5,PASS,cloudna01w,2025-06-17T11:02:52.002100,,,0,0,,,NORMAL,False,-1.5999999999999996,
Natasha Cloud,Pts+Rebs+Asts,19.5,19.1,0.0,0.5,PASS,cloudna01w,2025-06-17T11:02:52.004250,,,0,0,,,NORMAL,False,0.3999999999999986,
Natasha Cloud,Pts+Asts,14.5,15.1,0.0,0.5,PASS,cloudna01w,2025-06-17T11:02:52.006221,,,0,0,,,NORMAL,False,-0.5999999999999996,
Natasha Cloud,Points,11.5,9.0,0.0,0.5,PASS,cloudna01w,2025-06-17T11:02:52.008230,,,0,0,,,NORMAL,False,2.5,
Natasha Cloud,Assists,5.5,6.1,0.0,0.5,PASS,cloudna01w,2025-06-17T11:02:52.010699,,,0,0,,,NORMAL,False,-0.5999999999999996,
Natasha Cloud,Points,14.5,9.0,0.0,0.5,PASS,cloudna01w,2025-06-17T11:02:52.012612,0.08500000000000002,0.82,0,0,,,VOLATILE,False,5.5,
Natasha Cloud,Assists,7.5,6.1,0.0,0.5,PASS,cloudna01w,2025-06-17T11:02:52.014564,,,0,0,,,NORMAL,False,1.4000000000000004,
Natasha Cloud,Points,8.5,9.0,0.0,0.5,PASS,cloudna01w,2025-06-17T11:02:52.016768,,,0,0,,,NORMAL,False,-0.5,
Natasha Cloud,Assists,6.5,6.1,0.0,0.5,PASS,cloudna01w,2025-06-17T11:02:52.018825,,,0,0,,,NORMAL,False,0.40000000000000036,
Natasha Cloud,Rebounds,5.5,4.0,0.0,0.5,PASS,cloudna01w,2025-06-17T11:02:52.020675,,,0,0,,,NORMAL,False,1.5,
Natasha Cloud,Rebounds,3.5,4.0,0.0,0.5,PASS,cloudna01w,2025-06-17T11:02:52.022889,,,0,0,,,NORMAL,False,-0.5,
Natasha Cloud,Points,9.5,9.0,0.0,0.5,PASS,cloudna01w,2025-06-17T11:02:52.024896,,,0,0,,,NORMAL,False,0.5,
Natasha Cloud,Points,5.5,9.0,0.0,0.5,PASS,cloudna01w,2025-06-17T11:02:52.026810,0.74,0.14500000000000002,0,0,,,NORMAL,False,-3.5,
Natasha Cloud,Assists,9.5,6.1,0.0,0.5,PASS,cloudna01w,2025-06-17T11:02:52.028767,,,0,0,,,NORMAL,False,3.4000000000000004,
Napheesa Collier,3-PT Made,2.5,1.6,0.0,0.5,PASS,collina01w,2025-06-17T11:02:52.032221,,,0,0,,,NORMAL,False,0.8999999999999999,
Napheesa Collier,3-PT Made,0.5,1.6,0.0,0.5,PASS,collina01w,2025-06-17T11:02:52.034347,,,0,0,,,NORMAL,False,-1.1,
Napheesa Collier,Pts+Rebs+Asts,44.5,38.8,0.0,0.5,PASS,collina01w,2025-06-17T11:02:52.036554,0.07899999999999993,0.8280000000000001,0,0,,confidence,DEMON,True,5.700000000000003,
Napheesa Collier,Points,25.5,26.1,0.0,0.5,PASS,collina01w,2025-06-17T11:02:52.038759,,,0,0,,,NORMAL,False,-0.6000000000000014,
Napheesa Collier,Pts+Rebs+Asts,39.5,38.8,0.0,0.5,PASS,collina01w,2025-06-17T11:02:52.040772,,,0,0,,,NORMAL,False,0.7000000000000028,
Napheesa Collier,Rebounds,7.5,8.8,0.0,0.5,PASS,collina01w,2025-06-17T11:02:52.042784,,,0,0,,,NORMAL,False,-1.3000000000000007,
Napheesa Collier,Fantasy Score,47.5,0.0,0.0,0.5,PASS,collina01w,2025-06-17T11:02:52.045099,0.01,0.9,0,0,,confidence,DEMON,True,47.5,
Napheesa Collier,Pts+Rebs,33.0,34.9,0.0,0.5,PASS,collina01w,2025-06-17T11:02:52.047101,,,0,0,,,NORMAL,False,-1.8999999999999986,
Napheesa Collier,Rebs+Asts,13.5,12.7,0.0,0.5,PASS,collina01w,2025-06-17T11:02:52.049256,,,0,0,,,NORMAL,False,0.8000000000000007,
Napheesa Collier,Assists,3.5,3.9,0.0,0.5,PASS,collina01w,2025-06-17T11:02:52.052444,,,0,0,,,NORMAL,False,-0.3999999999999999,
Napheesa Collier,Rebounds,8.5,8.8,0.0,0.5,PASS,collina01w,2025-06-17T11:02:52.054402,,,0,0,,,NORMAL,False,-0.3000000000000007,
Napheesa Collier,Pts+Asts,28.5,30.0,0.0,0.5,PASS,collina01w,2025-06-17T11:02:52.056347,,,0,0,,,NORMAL,False,-1.5,
Napheesa Collier,Points,23.5,26.1,0.0,0.5,PASS,collina01w,2025-06-17T11:02:52.058670,,,0,0,,,NORMAL,False,-2.6000000000000014,
Napheesa Collier,Rebounds,9.0,8.8,0.0,0.5,PASS,collina01w,2025-06-17T11:02:52.061662,,,0,0,,,NORMAL,False,0.1999999999999993,
Napheesa Collier,Points,22.5,26.1,0.0,0.5,PASS,collina01w,2025-06-17T11:02:52.063740,0.744,0.14199999999999996,0,0,,,NORMAL,False,-3.6000000000000014,
Napheesa Collier,Assists,5.5,3.9,0.0,0.5,PASS,collina01w,2025-06-17T11:02:52.066243,,,0,0,,,NORMAL,False,1.6,
Napheesa Collier,Pts+Rebs+Asts,34.5,38.8,0.0,0.5,PASS,collina01w,2025-06-17T11:02:52.068186,0.7719999999999999,0.12100000000000008,0,0,,,NORMAL,False,-4.299999999999997,
Napheesa Collier,Assists,6.5,3.9,0.0,0.5,PASS,collina01w,2025-06-17T11:02:52.070107,,,0,0,,,NORMAL,False,2.6,
Napheesa Collier,Pts+Rebs+Asts,37.5,38.8,0.0,0.5,PASS,collina01w,2025-06-17T11:02:52.072371,,,0,0,,,NORMAL,False,-1.2999999999999972,
Napheesa Collier,Pts+Rebs+Asts,49.5,38.8,0.0,0.5,PASS,collina01w,2025-06-17T11:02:52.074469,0.01,0.9,0,0,,confidence,DEMON,True,10.700000000000003,
Napheesa Collier,Points,19.5,26.1,0.0,0.5,PASS,collina01w,2025-06-17T11:02:52.076403,0.8640000000000001,0.05199999999999996,0,0,,confidence,GOBLIN,True,-6.600000000000001,
Napheesa Collier,Rebounds,11.5,8.8,0.0,0.5,PASS,collina01w,2025-06-17T11:02:52.078570,,,0,0,,,NORMAL,False,2.6999999999999993,
Napheesa Collier,Points,29.5,26.1,0.0,0.5,PASS,collina01w,2025-06-17T11:02:52.080679,,,0,0,,,NORMAL,False,3.3999999999999986,
Napheesa Collier,Assists,4.0,3.9,0.0,0.5,PASS,collina01w,2025-06-17T11:02:52.083543,,,0,0,,,NORMAL,False,0.10000000000000009,
Napheesa Collier,3-PT Made,1.5,1.6,0.0,0.5,PASS,collina01w,2025-06-17T11:02:52.085594,,,0,0,,,NORMAL,False,-0.10000000000000009,
Napheesa Collier,Assists,2.5,3.9,0.0,0.5,PASS,collina01w,2025-06-17T11:02:52.087563,,,0,0,,,NORMAL,False,-1.4,
Napheesa Collier,Rebounds,12.5,8.8,0.0,0.5,PASS,collina01w,2025-06-17T11:02:52.090357,,,0,0,,,NORMAL,False,3.6999999999999993,
Kayla McBride,Assists,3.5,3.8,0.0,0.5,PASS,mcbrika01w,2025-06-17T11:02:52.092487,,,0,0,,,NORMAL,False,-0.2999999999999998,
Kayla McBride,3-PT Made,3.5,2.8,0.0,0.5,PASS,mcbrika01w,2025-06-17T11:02:52.094570,,,0,0,,,NORMAL,False,0.7000000000000002,
Kayla McBride,Pts+Asts,19.0,18.0,0.0,0.5,PASS,mcbrika01w,2025-06-17T11:02:52.096642,,,0,0,,,NORMAL,False,1.0,
Kayla McBride,Points,17.5,14.2,0.0,0.5,PASS,mcbrika01w,2025-06-17T11:02:52.098741,,,0,0,,,NORMAL,False,3.3000000000000007,
Kayla McBride,3-PT Made,4.5,2.8,0.0,0.5,PASS,mcbrika01w,2025-06-17T11:02:52.100773,,,0,0,,,NORMAL,False,1.7000000000000002,
Kayla McBride,Points,14.5,14.2,0.0,0.5,PASS,mcbrika01w,2025-06-17T11:02:52.102780,,,0,0,,,NORMAL,False,0.3000000000000007,
Kayla McBride,3-PT Made,2.5,2.8,0.0,0.5,PASS,mcbrika01w,2025-06-17T11:02:52.105739,,,0,0,,,NORMAL,False,-0.2999999999999998,
Kayla McBride,Rebounds,5.5,3.2,0.0,0.5,PASS,mcbrika01w,2025-06-17T11:02:52.108630,,,0,0,,,NORMAL,False,2.3,
Kayla McBride,Points,11.5,14.2,0.0,0.5,PASS,mcbrika01w,2025-06-17T11:02:52.111587,,,0,0,,,NORMAL,False,-2.6999999999999993,
Kayla McBride,Points,19.5,14.2,0.0,0.5,PASS,mcbrika01w,2025-06-17T11:02:52.113578,0.091,0.812,0,0,,,VOLATILE,False,5.300000000000001,
Kayla McBride,Fantasy Score,26.0,6.3,0.0,0.5,PASS,mcbrika01w,2025-06-17T11:02:52.115515,0.01,0.9,0,0,,confidence,DEMON,True,19.7,
Kayla McBride,Pts+Rebs+Asts,22.5,21.2,0.0,0.5,PASS,mcbrika01w,2025-06-17T11:02:52.117497,,,0,0,,,NORMAL,False,1.3000000000000007,
Kayla McBride,Rebounds,3.5,3.2,0.0,0.5,PASS,mcbrika01w,2025-06-17T11:02:52.119499,,,0,0,,,NORMAL,False,0.2999999999999998,
Kayla McBride,Points,15.5,14.2,0.0,0.5,PASS,mcbrika01w,2025-06-17T11:02:52.121556,,,0,0,,,NORMAL,False,1.3000000000000007,
Kayla McBride,3-PT Made,1.5,2.8,0.0,0.5,PASS,mcbrika01w,2025-06-17T11:02:52.123478,,,0,0,,,NORMAL,False,-1.2999999999999998,
Kayla McBride,Assists,2.5,3.8,0.0,0.5,PASS,mcbrika01w,2025-06-17T11:02:52.125411,,,0,0,,,NORMAL,False,-1.2999999999999998,
Kayla McBride,Pts+Rebs+Asts,29.5,21.2,0.0,0.5,PASS,mcbrika01w,2025-06-17T11:02:52.127550,0.01,0.9,0,0,,confidence,DEMON,True,8.3,
Kayla McBride,Points,24.5,14.2,0.0,0.5,PASS,mcbrika01w,2025-06-17T11:02:52.129569,0.01,0.9,0,0,,confidence,DEMON,True,10.3,
Kayla McBride,Assists,5.5,3.8,0.0,0.5,PASS,mcbrika01w,2025-06-17T11:02:52.131490,,,0,0,,,NORMAL,False,1.7000000000000002,
Kayla McBride,Assists,4.5,3.8,0.0,0.5,PASS,mcbrika01w,2025-06-17T11:02:52.133381,,,0,0,,,NORMAL,False,0.7000000000000002,
Jewell Loyd,Rebounds,7.5,4.2,0.0,0.5,PASS,loyddje01w,2025-06-17T11:02:52.135610,,,0,0,,,NORMAL,False,3.3,
Jewell Loyd,Pts+Rebs+Asts,22.5,17.4,0.0,0.5,PASS,loyddje01w,2025-06-17T11:02:52.137560,0.09699999999999998,0.804,0,0,,,VOLATILE,False,5.100000000000001,
Jewell Loyd,Rebs+Asts,6.5,6.3,0.0,0.5,PASS,loyddje01w,2025-06-17T11:02:52.139515,,,0,0,,,NORMAL,False,0.20000000000000018,
Jewell Loyd,Rebounds,4.5,4.2,0.0,0.5,PASS,loyddje01w,2025-06-17T11:02:52.141491,,,0,0,,,NORMAL,False,0.2999999999999998,
Jewell Loyd,Pts+Rebs+Asts,29.5,17.4,0.0,0.5,PASS,loyddje01w,2025-06-17T11:02:52.143520,0.01,0.9,0,0,,confidence,DEMON,True,12.100000000000001,
Jewell Loyd,Pts+Rebs+Asts,24.5,17.4,0.0,0.5,PASS,loyddje01w,2025-06-17T11:02:52.145452,0.03699999999999998,0.8840000000000001,0,0,,confidence,DEMON,True,7.100000000000001,
Jewell Loyd,Pts+Rebs+Asts,19.5,17.4,0.0,0.5,PASS,loyddje01w,2025-06-17T11:02:52.147458,,,0,0,,,NORMAL,False,2.1000000000000014,
Jewell Loyd,Pts+Asts,17.5,13.2,0.0,0.5,PASS,loyddje01w,2025-06-17T11:02:52.149427,,,0,0,,,NORMAL,False,4.300000000000001,
Jewell Loyd,Points,11.5,11.1,0.0,0.5,PASS,loyddje01w,2025-06-17T11:02:52.151459,,,0,0,,,NORMAL,False,0.40000000000000036,
Jewell Loyd,Points,17.5,11.1,0.0,0.5,PASS,loyddje01w,2025-06-17T11:02:52.153389,0.057999999999999996,0.856,0,0,,confidence,DEMON,True,6.4,
Jewell Loyd,Points,16.5,11.1,0.0,0.5,PASS,loyddje01w,2025-06-17T11:02:52.155392,0.088,0.8160000000000001,0,0,,,VOLATILE,False,5.4,
Jewell Loyd,Fantasy Score,26.0,0.0,0.0,0.5,PASS,loyddje01w,2025-06-17T11:02:52.157317,0.01,0.9,0,0,,confidence,DEMON,True,26.0,
Jewell Loyd,Pts+Rebs+Asts,21.5,17.4,0.0,0.5,PASS,loyddje01w,2025-06-17T11:02:52.159366,,,0,0,,,NORMAL,False,4.100000000000001,
Jewell Loyd,3-PT Made,2.5,2.4,0.0,0.5,PASS,loyddje01w,2025-06-17T11:02:52.161395,,,0,0,,,NORMAL,False,0.10000000000000009,
Jewell Loyd,Rebounds,6.5,4.2,0.0,0.5,PASS,loyddje01w,2025-06-17T11:02:52.163332,,,0,0,,,NORMAL,False,2.3,
Jewell Loyd,Rebounds,3.5,4.2,0.0,0.5,PASS,loyddje01w,2025-06-17T11:02:52.165284,,,0,0,,,NORMAL,False,-0.7000000000000002,
Jewell Loyd,3-PT Made,3.5,2.4,0.0,0.5,PASS,loyddje01w,2025-06-17T11:02:52.167185,,,0,0,,,NORMAL,False,1.1,
Jewell Loyd,3-PT Made,1.5,2.4,0.0,0.5,PASS,loyddje01w,2025-06-17T11:02:52.169626,,,0,0,,,NORMAL,False,-0.8999999999999999,
Jewell Loyd,Assists,4.5,2.1,0.0,0.5,PASS,loyddje01w,2025-06-17T11:02:52.171609,,,0,0,,,NORMAL,False,2.4,
Jewell Loyd,Points,19.5,11.1,0.0,0.5,PASS,loyddje01w,2025-06-17T11:02:52.173594,0.01,0.9,0,0,,confidence,DEMON,True,8.4,
Jewell Loyd,3-PT Made,4.5,2.4,0.0,0.5,PASS,loyddje01w,2025-06-17T11:02:52.175605,,,0,0,,,NORMAL,False,2.1,
Jewell Loyd,Pts+Rebs,18.5,15.3,0.0,0.5,PASS,loyddje01w,2025-06-17T11:02:52.177477,,,0,0,,,NORMAL,False,3.1999999999999993,
Jewell Loyd,Assists,3.5,2.1,0.0,0.5,PASS,loyddje01w,2025-06-17T11:02:52.179371,,,0,0,,,NORMAL,False,1.4,
Jewell Loyd,Rebounds,2.5,4.2,0.0,0.5,PASS,loyddje01w,2025-06-17T11:02:52.181261,,,0,0,,,NORMAL,False,-1.7000000000000002,
Jewell Loyd,Points,14.5,11.1,0.0,0.5,PASS,loyddje01w,2025-06-17T11:02:52.183276,,,0,0,,,NORMAL,False,3.4000000000000004,
Jewell Loyd,Points,13.5,11.1,0.0,0.5,PASS,loyddje01w,2025-06-17T11:02:52.185266,,,0,0,,,NORMAL,False,2.4000000000000004,
Jewell Loyd,Assists,1.5,2.1,0.0,0.5,PASS,loyddje01w,2025-06-17T11:02:52.187153,,,0,0,,,NORMAL,False,-0.6000000000000001,
Jewell Loyd,Rebounds,4.0,4.2,0.0,0.5,PASS,loyddje01w,2025-06-17T11:02:52.189349,,,0,0,,,NORMAL,False,-0.20000000000000018,
Chelsea Gray,Rebounds,4.5,4.1,0.0,0.5,PASS,grayych01w,2025-06-17T11:02:52.191330,,,0,0,,,NORMAL,False,0.40000000000000036,
Chelsea Gray,Assists,7.5,3.4,0.0,0.5,PASS,grayych01w,2025-06-17T11:02:52.193229,,,0,0,,,NORMAL,False,4.1,
Chelsea Gray,Rebounds,2.5,4.1,0.0,0.5,PASS,grayych01w,2025-06-17T11:02:52.195168,,,0,0,,,NORMAL,False,-1.5999999999999996,
Chelsea Gray,Pts+Asts,19.5,18.5,0.0,0.5,PASS,grayych01w,2025-06-17T11:02:52.197151,,,0,0,,,NORMAL,False,1.0,
Chelsea Gray,Pts+Rebs,17.5,19.2,0.0,0.5,PASS,grayych01w,2025-06-17T11:02:52.199078,,,0,0,,,NORMAL,False,-1.6999999999999993,
Chelsea Gray,Assists,5.5,3.4,0.0,0.5,PASS,grayych01w,2025-06-17T11:02:52.200898,,,0,0,,,NORMAL,False,2.1,
Chelsea Gray,Assists,5.0,3.4,0.0,0.5,PASS,grayych01w,2025-06-17T11:02:52.202698,,,0,0,,,NORMAL,False,1.6,
Chelsea Gray,Pts+Rebs+Asts,19.5,22.6,0.0,0.5,PASS,grayych01w,2025-06-17T11:02:52.204923,0.724,0.15699999999999997,0,0,,,NORMAL,False,-3.1000000000000014,
Chelsea Gray,Points,19.5,15.1,0.0,0.5,PASS,grayych01w,2025-06-17T11:02:52.206852,,,0,0,,,NORMAL,False,4.4,
Chelsea Gray,3-PT Made,3.5,2.1,0.0,0.5,PASS,grayych01w,2025-06-17T11:02:52.208718,,,0,0,,,NORMAL,False,1.4,
Chelsea Gray,Assists,6.5,3.4,0.0,0.5,PASS,grayych01w,2025-06-17T11:02:52.210733,,,0,0,,,NORMAL,False,3.1,
Chelsea Gray,Points,14.5,15.1,0.0,0.5,PASS,grayych01w,2025-06-17T11:02:52.212614,,,0,0,,,NORMAL,False,-0.5999999999999996,
Chelsea Gray,Rebs+Asts,8.5,7.5,0.0,0.5,PASS,grayych01w,2025-06-17T11:02:52.214454,,,0,0,,,NORMAL,False,1.0,
Chelsea Gray,Assists,3.5,3.4,0.0,0.5,PASS,grayych01w,2025-06-17T11:02:52.216256,,,0,0,,,NORMAL,False,0.10000000000000009,
Chelsea Gray,Points,11.5,15.1,0.0,0.5,PASS,grayych01w,2025-06-17T11:02:52.218296,0.744,0.14200000000000002,0,0,,,NORMAL,False,-3.5999999999999996,
Chelsea Gray,Rebounds,5.5,4.1,0.0,0.5,PASS,grayych01w,2025-06-17T11:02:52.220469,,,0,0,,,NORMAL,False,1.4000000000000004,
Chelsea Gray,3-PT Made,1.5,2.1,0.0,0.5,PASS,grayych01w,2025-06-17T11:02:52.222330,,,0,0,,,NORMAL,False,-0.6000000000000001,
Chelsea Gray,Points,17.5,15.1,0.0,0.5,PASS,grayych01w,2025-06-17T11:02:52.224365,,,0,0,,,NORMAL,False,2.4000000000000004,
Chelsea Gray,Pts+Rebs+Asts,29.5,22.6,0.0,0.5,PASS,grayych01w,2025-06-17T11:02:52.226243,0.04300000000000004,0.8759999999999999,0,0,,confidence,DEMON,True,6.899999999999999,
Chelsea Gray,Pts+Rebs+Asts,22.5,22.6,0.0,0.5,PASS,grayych01w,2025-06-17T11:02:52.228251,,,0,0,,,NORMAL,False,-0.10000000000000142,
Chelsea Gray,Points,24.5,15.1,0.0,0.5,PASS,grayych01w,2025-06-17T11:02:52.230075,0.01,0.9,0,0,,confidence,DEMON,True,9.4,
Chelsea Gray,3-PT Made,2.5,2.1,0.0,0.5,PASS,grayych01w,2025-06-17T11:02:52.232048,,,0,0,,,NORMAL,False,0.3999999999999999,
Chelsea Gray,Fantasy Score,29.0,0.0,0.0,0.5,PASS,grayych01w,2025-06-17T11:02:52.234140,0.01,0.9,0,0,,confidence,DEMON,True,29.0,
Chelsea Gray,Rebounds,3.5,4.1,0.0,0.5,PASS,grayych01w,2025-06-17T11:02:52.236105,,,0,0,,,NORMAL,False,-0.5999999999999996,
Chelsea Gray,Pts+Rebs+Asts,24.5,22.6,0.0,0.5,PASS,grayych01w,2025-06-17T11:02:52.238171,,,0,0,,,NORMAL,False,1.8999999999999986,
Jackie Young,Pts+Rebs+Asts,34.5,26.1,0.0,0.5,PASS,youngja01w,2025-06-17T11:02:52.240225,0.01,0.9,0,0,,confidence,DEMON,True,8.399999999999999,
Jackie Young,Pts+Rebs+Asts,28.5,26.1,0.0,0.5,PASS,youngja01w,2025-06-17T11:02:52.242090,,,0,0,,,NORMAL,False,2.3999999999999986,
Jackie Young,Rebounds,4.0,3.9,0.0,0.5,PASS,youngja01w,2025-06-17T11:02:52.243893,,,0,0,,,NORMAL,False,0.10000000000000009,
Jackie Young,Rebounds,7.5,3.9,0.0,0.5,PASS,youngja01w,2025-06-17T11:02:52.245951,,,0,0,,,NORMAL,False,3.6,
Jackie Young,Pts+Rebs,24.5,22.9,0.0,0.5,PASS,youngja01w,2025-06-17T11:02:52.247953,,,0,0,,,NORMAL,False,1.6000000000000014,
Jackie Young,Points,22.5,19.0,0.0,0.5,PASS,youngja01w,2025-06-17T11:02:52.250083,,,0,0,,,NORMAL,False,3.5,
Jackie Young,Points,19.5,19.0,0.0,0.5,PASS,youngja01w,2025-06-17T11:02:52.252118,,,0,0,,,NORMAL,False,0.5,
Jackie Young,Points,29.5,19.0,0.0,0.5,PASS,youngja01w,2025-06-17T11:02:52.254128,0.01,0.9,0,0,,confidence,DEMON,True,10.5,
Jackie Young,Pts+Rebs+Asts,39.5,26.1,0.0,0.5,PASS,youngja01w,2025-06-17T11:02:52.256090,0.01,0.9,0,0,,confidence,DEMON,True,13.399999999999999,
Jackie Young,Assists,5.5,3.2,0.0,0.5,PASS,youngja01w,2025-06-17T11:02:52.257986,,,0,0,,,NORMAL,False,2.3,
Jackie Young,Rebounds,6.5,3.9,0.0,0.5,PASS,youngja01w,2025-06-17T11:02:52.260030,,,0,0,,,NORMAL,False,2.6,
Jackie Young,Rebounds,5.5,3.9,0.0,0.5,PASS,youngja01w,2025-06-17T11:02:52.262062,,,0,0,,,NORMAL,False,1.6,
Jackie Young,Assists,3.5,3.2,0.0,0.5,PASS,youngja01w,2025-06-17T11:02:52.263985,,,0,0,,,NORMAL,False,0.2999999999999998,
Jackie Young,Assists,4.0,3.2,0.0,0.5,PASS,youngja01w,2025-06-17T11:02:52.266066,,,0,0,,,NORMAL,False,0.7999999999999998,
Jackie Young,Points,19.5,19.0,0.0,0.5,PASS,youngja01w,2025-06-17T11:02:52.267992,,,0,0,,,NORMAL,False,0.5,
Jackie Young,Points,17.5,19.0,0.0,0.5,PASS,youngja01w,2025-06-17T11:02:52.269895,,,0,0,,,NORMAL,False,-1.5,
Jackie Young,Assists,7.5,3.2,0.0,0.5,PASS,youngja01w,2025-06-17T11:02:52.271741,,,0,0,,,NORMAL,False,4.3,
Jackie Young,Pts+Rebs+Asts,24.5,26.1,0.0,0.5,PASS,youngja01w,2025-06-17T11:02:52.273805,,,0,0,,,NORMAL,False,-1.6000000000000014,
Jackie Young,Rebounds,3.5,3.9,0.0,0.5,PASS,youngja01w,2025-06-17T11:02:52.275706,,,0,0,,,NORMAL,False,-0.3999999999999999,
Jackie Young,Pts+Rebs+Asts,31.5,26.1,0.0,0.5,PASS,youngja01w,2025-06-17T11:02:52.277583,0.08800000000000005,0.816,0,0,,,VOLATILE,False,5.399999999999999,
Jackie Young,Points,24.5,19.0,0.0,0.5,PASS,youngja01w,2025-06-17T11:02:52.279609,0.08500000000000002,0.82,0,0,,,VOLATILE,False,5.5,
Jackie Young,Assists,6.5,3.2,0.0,0.5,PASS,youngja01w,2025-06-17T11:02:52.281593,,,0,0,,,NORMAL,False,3.3,
Jackie Young,3-PT Made,3.5,1.9,0.0,0.5,PASS,youngja01w,2025-06-17T11:02:52.283502,,,0,0,,,NORMAL,False,1.6,
Jackie Young,Points,18.5,19.0,0.0,0.5,PASS,youngja01w,2025-06-17T11:02:52.285356,,,0,0,,,NORMAL,False,-0.5,
Jackie Young,3-PT Made,1.5,1.9,0.0,0.5,PASS,youngja01w,2025-06-17T11:02:52.287322,,,0,0,,,NORMAL,False,-0.3999999999999999,
Jackie Young,3-PT Made,2.5,1.9,0.0,0.5,PASS,youngja01w,2025-06-17T11:02:52.289314,,,0,0,,,NORMAL,False,0.6000000000000001,
Jackie Young,Fantasy Score,36.0,0.0,0.0,0.5,PASS,youngja01w,2025-06-17T11:02:52.291098,0.01,0.9,0,0,,confidence,DEMON,True,36.0,
Jackie Young,Assists,2.5,3.2,0.0,0.5,PASS,youngja01w,2025-06-17T11:02:52.292905,,,0,0,,,NORMAL,False,-0.7000000000000002,
Jackie Young,Pts+Asts,24.5,22.2,0.0,0.5,PASS,youngja01w,2025-06-17T11:02:52.294921,,,0,0,,,NORMAL,False,2.3000000000000007,
Courtney Williams,Pts+Rebs+Asts,24.5,21.2,0.0,0.5,PASS,willico01w,2025-06-17T11:02:52.297477,,,0,0,,,NORMAL,False,3.3000000000000007,
Courtney Williams,Points,11.5,11.1,0.0,0.5,PASS,willico01w,2025-06-17T11:02:52.299501,,,0,0,,,NORMAL,False,0.40000000000000036,
Courtney Williams,Assists,3.5,5.7,0.0,0.5,PASS,willico01w,2025-06-17T11:02:52.301785,,,0,0,,,NORMAL,False,-2.2,
Courtney Williams,Pts+Asts,15.5,16.8,0.0,0.5,PASS,willico01w,2025-06-17T11:02:52.303631,,,0,0,,,NORMAL,False,-1.3000000000000007,
Courtney Williams,Rebs+Asts,10.0,10.1,0.0,0.5,PASS,willico01w,2025-06-17T11:02:52.305445,,,0,0,,,NORMAL,False,-0.09999999999999964,
Courtney Williams,Points,17.5,11.1,0.0,0.5,PASS,willico01w,2025-06-17T11:02:52.307524,0.057999999999999996,0.856,0,0,,confidence,DEMON,True,6.4,
Courtney Williams,Rebounds,5.5,4.4,0.0,0.5,PASS,willico01w,2025-06-17T11:02:52.309427,,,0,0,,,NORMAL,False,1.0999999999999996,
Courtney Williams,Pts+Rebs,14.5,15.5,0.0,0.5,PASS,willico01w,2025-06-17T11:02:52.311333,,,0,0,,,NORMAL,False,-1.0,
Courtney Williams,Points,10.5,11.1,0.0,0.5,PASS,willico01w,2025-06-17T11:02:52.313346,,,0,0,,,NORMAL,False,-0.5999999999999996,
Courtney Williams,Rebounds,7.5,4.4,0.0,0.5,PASS,willico01w,2025-06-17T11:02:52.315803,,,0,0,,,NORMAL,False,3.0999999999999996,
Courtney Williams,Rebounds,4.0,4.4,0.0,0.5,PASS,willico01w,2025-06-17T11:02:52.317678,,,0,0,,,NORMAL,False,-0.40000000000000036,
Courtney Williams,Pts+Rebs+Asts,19.5,21.2,0.0,0.5,PASS,willico01w,2025-06-17T11:02:52.319652,,,0,0,,,NORMAL,False,-1.6999999999999993,
Courtney Williams,Rebounds,3.5,4.4,0.0,0.5,PASS,willico01w,2025-06-17T11:02:52.321679,,,0,0,,,NORMAL,False,-0.9000000000000004,
Courtney Williams,Rebounds,4.5,4.4,0.0,0.5,PASS,willico01w,2025-06-17T11:02:52.323565,,,0,0,,,NORMAL,False,0.09999999999999964,
Courtney Williams,Points,14.5,11.1,0.0,0.5,PASS,willico01w,2025-06-17T11:02:52.326184,,,0,0,,,NORMAL,False,3.4000000000000004,
Courtney Williams,Assists,6.0,5.7,0.0,0.5,PASS,willico01w,2025-06-17T11:02:52.328246,,,0,0,,,NORMAL,False,0.2999999999999998,
Courtney Williams,Rebounds,2.5,4.4,0.0,0.5,PASS,willico01w,2025-06-17T11:02:52.330348,,,0,0,,,NORMAL,False,-1.9000000000000004,
Courtney Williams,Pts+Rebs+Asts,29.5,21.2,0.0,0.5,PASS,willico01w,2025-06-17T11:02:52.332359,0.01,0.9,0,0,,confidence,DEMON,True,8.3,
Courtney Williams,Assists,6.5,5.7,0.0,0.5,PASS,willico01w,2025-06-17T11:02:52.334262,,,0,0,,,NORMAL,False,0.7999999999999998,
Courtney Williams,Points,9.5,11.1,0.0,0.5,PASS,willico01w,2025-06-17T11:02:52.337232,,,0,0,,,NORMAL,False,-1.5999999999999996,
Courtney Williams,Assists,4.5,5.7,0.0,0.5,PASS,willico01w,2025-06-17T11:02:52.339156,,,0,0,,,NORMAL,False,-1.2000000000000002,
Courtney Williams,Assists,7.5,5.7,0.0,0.5,PASS,willico01w,2025-06-17T11:02:52.341102,,,0,0,,,NORMAL,False,1.7999999999999998,
Courtney Williams,Fantasy Score,26.5,0.0,0.0,0.5,PASS,willico01w,2025-06-17T11:02:52.343296,0.01,0.9,0,0,,confidence,DEMON,True,26.5,
Courtney Williams,Points,7.5,11.1,0.0,0.5,PASS,willico01w,2025-06-17T11:02:52.345268,0.744,0.14200000000000002,0,0,,,NORMAL,False,-3.5999999999999996,
Courtney Williams,Pts+Rebs+Asts,20.5,21.2,0.0,0.5,PASS,willico01w,2025-06-17T11:02:52.347096,,,0,0,,,NORMAL,False,-0.6999999999999993,
Alanna Smith,3-PT Made,0.5,1.6,0.0,0.5,PASS,smithal01w,2025-06-17T11:02:52.349191,,,0,0,,,NORMAL,False,-1.1,
Alanna Smith,Rebounds,5.0,4.3,0.0,0.5,PASS,smithal01w,2025-06-17T11:02:52.351212,,,0,0,,,NORMAL,False,0.7000000000000002,
Alanna Smith,Rebounds,6.5,4.3,0.0,0.5,PASS,smithal01w,2025-06-17T11:02:52.353185,,,0,0,,,NORMAL,False,2.2,
Alanna Smith,Fantasy Score,28.0,0.0,0.0,0.5,PASS,smithal01w,2025-06-17T11:02:52.355146,0.01,0.9,0,0,,confidence,DEMON,True,28.0,
Alanna Smith,Points,17.5,10.2,0.0,0.5,PASS,smithal01w,2025-06-17T11:02:52.357207,0.031,0.892,0,0,,confidence,DEMON,True,7.300000000000001,
Alanna Smith,Pts+Rebs+Asts,18.0,17.2,0.0,0.5,PASS,smithal01w,2025-06-17T11:02:52.359364,,,0,0,,,NORMAL,False,0.8000000000000007,
Alanna Smith,Points,10.0,10.2,0.0,0.5,PASS,smithal01w,2025-06-17T11:02:52.361384,,,0,0,,,NORMAL,False,-0.1999999999999993,
Alanna Smith,Pts+Rebs,15.5,14.5,0.0,0.5,PASS,smithal01w,2025-06-17T11:02:52.363609,,,0,0,,,NORMAL,False,1.0,
Alanna Smith,3-PT Made,1.5,1.6,0.0,0.5,PASS,smithal01w,2025-06-17T11:02:52.365584,,,0,0,,,NORMAL,False,-0.10000000000000009,
Alanna Smith,Rebounds,7.5,4.3,0.0,0.5,PASS,smithal01w,2025-06-17T11:02:52.367497,,,0,0,,,NORMAL,False,3.2,
Alanna Smith,Points,7.5,10.2,0.0,0.5,PASS,smithal01w,2025-06-17T11:02:52.369396,,,0,0,,,NORMAL,False,-2.6999999999999993,
Alanna Smith,Points,9.5,10.2,0.0,0.5,PASS,smithal01w,2025-06-17T11:02:52.371463,,,0,0,,,NORMAL,False,-0.6999999999999993,
Alanna Smith,3-PT Made,2.5,1.6,0.0,0.5,PASS,smithal01w,2025-06-17T11:02:52.373426,,,0,0,,,NORMAL,False,0.8999999999999999,
Alanna Smith,Points,14.5,10.2,0.0,0.5,PASS,smithal01w,2025-06-17T11:02:52.375560,,,0,0,,,NORMAL,False,4.300000000000001,
Alanna Smith,Rebounds,3.5,4.3,0.0,0.5,PASS,smithal01w,2025-06-17T11:02:52.377594,,,0,0,,,NORMAL,False,-0.7999999999999998,
Alanna Smith,Rebounds,4.5,4.3,0.0,0.5,PASS,smithal01w,2025-06-17T11:02:52.379639,,,0,0,,,NORMAL,False,0.20000000000000018,
Alanna Smith,Rebounds,5.5,4.3,0.0,0.5,PASS,smithal01w,2025-06-17T11:02:52.381602,,,0,0,,,NORMAL,False,1.2000000000000002,
Alanna Smith,Points,11.5,10.2,0.0,0.5,PASS,smithal01w,2025-06-17T11:02:52.383688,,,0,0,,,NORMAL,False,1.3000000000000007,
Arike Ogunbowale,3-PT Made,3.5,2.4,0.0,0.5,PASS,ogunbar01w,2025-06-17T11:02:52.385713,,,0,0,,,NORMAL,False,1.1,
Arike Ogunbowale,Points,19.5,17.5,0.0,0.5,PASS,ogunbar01w,2025-06-17T11:02:52.387603,,,0,0,,,NORMAL,False,2.0,
Arike Ogunbowale,3-PT Made,2.5,2.4,0.0,0.5,PASS,ogunbar01w,2025-06-17T11:02:52.390642,,,0,0,,,NORMAL,False,0.10000000000000009,
Arike Ogunbowale,Fantasy Score,30.5,0.0,0.0,0.5,PASS,ogunbar01w,2025-06-17T11:02:52.392680,0.01,0.9,0,0,,confidence,DEMON,True,30.5,
Arike Ogunbowale,3-PT Made,1.5,2.4,0.0,0.5,PASS,ogunbar01w,2025-06-17T11:02:52.394604,,,0,0,,,NORMAL,False,-0.8999999999999999,
Arike Ogunbowale,Assists,4.5,4.8,0.0,0.5,PASS,ogunbar01w,2025-06-17T11:02:52.396507,,,0,0,,,NORMAL,False,-0.2999999999999998,
Arike Ogunbowale,Points,24.5,17.5,0.0,0.5,PASS,ogunbar01w,2025-06-17T11:02:52.398527,0.04000000000000001,0.88,0,0,,confidence,DEMON,True,7.0,
Arike Ogunbowale,Assists,3.5,4.8,0.0,0.5,PASS,ogunbar01w,2025-06-17T11:02:52.401266,,,0,0,,,NORMAL,False,-1.2999999999999998,
Arike Ogunbowale,Points,17.5,17.5,0.0,0.5,PASS,ogunbar01w,2025-06-17T11:02:52.403166,,,0,0,,,NORMAL,False,0.0,
Arike Ogunbowale,Points,14.5,17.5,0.0,0.5,PASS,ogunbar01w,2025-06-17T11:02:52.405252,,,0,0,,,NORMAL,False,-3.0,
Arike Ogunbowale,Points,15.5,17.5,0.0,0.5,PASS,ogunbar01w,2025-06-17T11:02:52.407233,,,0,0,,,NORMAL,False,-2.0,
Arike Ogunbowale,Pts+Rebs+Asts,25.0,25.5,0.0,0.5,PASS,ogunbar01w,2025-06-17T11:02:52.410158,,,0,0,,,NORMAL,False,-0.5,
Arike Ogunbowale,Points,18.5,17.5,0.0,0.5,PASS,ogunbar01w,2025-06-17T11:02:52.412188,,,0,0,,,NORMAL,False,1.0,
Arike Ogunbowale,Assists,5.5,4.8,0.0,0.5,PASS,ogunbar01w,2025-06-17T11:02:52.414170,,,0,0,,,NORMAL,False,0.7000000000000002,
Arike Ogunbowale,Assists,7.5,4.8,0.0,0.5,PASS,ogunbar01w,2025-06-17T11:02:52.416084,,,0,0,,,NORMAL,False,2.7,
Arike Ogunbowale,Pts+Asts,21.5,22.3,0.0,0.5,PASS,ogunbar01w,2025-06-17T11:02:52.418013,,,0,0,,,NORMAL,False,-0.8000000000000007,
Paige Bueckers,Points,16.5,17.38,0.0,0.5,PASS,bueckpa01w,2025-06-17T11:02:52.420219,,,0,0,,,NORMAL,False,-0.879999999999999,
Paige Bueckers,Points,14.5,17.38,0.0,0.5,PASS,bueckpa01w,2025-06-17T11:02:52.422050,,,0,0,,,NORMAL,False,-2.879999999999999,
Paige Bueckers,Fantasy Score,38.5,0.0,0.0,0.5,PASS,bueckpa01w,2025-06-17T11:02:52.423834,0.01,0.9,0,0,,confidence,DEMON,True,38.5,
Paige Bueckers,Points,24.5,17.38,0.0,0.5,PASS,bueckpa01w,2025-06-17T11:02:52.425811,0.03639999999999999,0.8848,0,0,,confidence,DEMON,True,7.120000000000001,
Paige Bueckers,Assists,6.5,6.12,0.0,0.5,PASS,bueckpa01w,2025-06-17T11:02:52.427676,,,0,0,,,NORMAL,False,0.3799999999999999,
Paige Bueckers,Points,19.5,17.38,0.0,0.5,PASS,bueckpa01w,2025-06-17T11:02:52.429532,,,0,0,,,NORMAL,False,2.120000000000001,
Paige Bueckers,Rebounds,3.5,4.5,0.0,0.5,PASS,bueckpa01w,2025-06-17T11:02:52.431409,,,0,0,,,NORMAL,False,-1.0,
Paige Bueckers,Rebounds,5.5,4.5,0.0,0.5,PASS,bueckpa01w,2025-06-17T11:02:52.433379,,,0,0,,,NORMAL,False,1.0,
Paige Bueckers,Assists,5.5,6.12,0.0,0.5,PASS,bueckpa01w,2025-06-17T11:02:52.435327,,,0,0,,,NORMAL,False,-0.6200000000000001,
Paige Bueckers,3-PT Made,2.5,1.25,0.0,0.5,PASS,bueckpa01w,2025-06-17T11:02:52.437154,,,0,0,,,NORMAL,False,1.25,
Paige Bueckers,Points,18.0,17.38,0.0,0.5,PASS,bueckpa01w,2025-06-17T11:02:52.439090,,,0,0,,,NORMAL,False,0.620000000000001,
Paige Bueckers,Assists,7.5,6.12,0.0,0.5,PASS,bueckpa01w,2025-06-17T11:02:52.440863,,,0,0,,,NORMAL,False,1.38,
Paige Bueckers,Pts+Rebs,22.5,21.88,0.0,0.5,PASS,bueckpa01w,2025-06-17T11:02:52.443339,,,0,0,,,NORMAL,False,0.620000000000001,
Paige Bueckers,Assists,10.5,6.12,0.0,0.5,PASS,bueckpa01w,2025-06-17T11:02:52.445138,,,0,0,,,NORMAL,False,4.38,
Paige Bueckers,3-PT Made,0.5,1.25,0.0,0.5,PASS,bueckpa01w,2025-06-17T11:02:52.446965,,,0,0,,,NORMAL,False,-0.75,
Paige Bueckers,Pts+Rebs+Asts,39.5,28.0,0.0,0.5,PASS,bueckpa01w,2025-06-17T11:02:52.448813,0.01,0.9,0,0,,confidence,DEMON,True,11.5,
Paige Bueckers,Rebounds,5.0,4.5,0.0,0.5,PASS,bueckpa01w,2025-06-17T11:02:52.450824,,,0,0,,,NORMAL,False,0.5,
Paige Bueckers,Pts+Rebs+Asts,29.5,28.0,0.0,0.5,PASS,bueckpa01w,2025-06-17T11:02:52.452653,,,0,0,,,NORMAL,False,1.5,
Paige Bueckers,Pts+Rebs+Asts,34.5,28.0,0.0,0.5,PASS,bueckpa01w,2025-06-17T11:02:52.454515,0.05499999999999999,0.86,0,0,,confidence,DEMON,True,6.5,
Paige Bueckers,Rebounds,6.5,4.5,0.0,0.5,PASS,bueckpa01w,2025-06-17T11:02:52.456188,,,0,0,,,NORMAL,False,2.0,
Paige Bueckers,Pts+Asts,24.5,23.5,0.0,0.5,PASS,bueckpa01w,2025-06-17T11:02:52.457894,,,0,0,,,NORMAL,False,1.0,
Paige Bueckers,Assists,4.5,6.12,0.0,0.5,PASS,bueckpa01w,2025-06-17T11:02:52.459612,,,0,0,,,NORMAL,False,-1.62,
Paige Bueckers,Rebounds,7.5,4.5,0.0,0.5,PASS,bueckpa01w,2025-06-17T11:02:52.461499,,,0,0,,,NORMAL,False,3.0,
Paige Bueckers,3-PT Made,1.5,1.25,0.0,0.5,PASS,bueckpa01w,2025-06-17T11:02:52.463265,,,0,0,,,NORMAL,False,0.25,
Paige Bueckers,Assists,9.5,6.12,0.0,0.5,PASS,bueckpa01w,2025-06-17T11:02:52.465174,,,0,0,,,NORMAL,False,3.38,
Paige Bueckers,Pts+Rebs+Asts,24.5,28.0,0.0,0.5,PASS,bueckpa01w,2025-06-17T11:02:52.467209,0.74,0.14500000000000002,0,0,,,NORMAL,False,-3.5,
Paige Bueckers,Rebounds,4.5,4.5,0.0,0.5,PASS,bueckpa01w,2025-06-17T11:02:52.469057,,,0,0,,,NORMAL,False,0.0,
Paige Bueckers,Rebs+Asts,11.0,10.62,0.0,0.5,PASS,bueckpa01w,2025-06-17T11:02:52.470757,,,0,0,,,NORMAL,False,0.3800000000000008,
DiJonai Carrington,Points,19.5,13.3,0.0,0.5,PASS,carridi01w,2025-06-17T11:02:52.473329,0.06400000000000003,0.848,0,0,,confidence,DEMON,True,6.199999999999999,
DiJonai Carrington,Pts+Rebs+Asts,20.5,20.8,0.0,0.5,PASS,carridi01w,2025-06-17T11:02:52.475335,,,0,0,,,NORMAL,False,-0.3000000000000007,
DiJonai Carrington,Rebounds,5.5,5.2,0.0,0.5,PASS,carridi01w,2025-06-17T11:02:52.477903,,,0,0,,,NORMAL,False,0.2999999999999998,
DiJonai Carrington,Points,9.5,13.3,0.0,0.5,PASS,carridi01w,2025-06-17T11:02:52.479923,0.752,0.13599999999999998,0,0,,,NORMAL,False,-3.8000000000000007,
DiJonai Carrington,Rebounds,3.5,5.2,0.0,0.5,PASS,carridi01w,2025-06-17T11:02:52.482007,,,0,0,,,NORMAL,False,-1.7000000000000002,
DiJonai Carrington,Pts+Rebs,18.5,18.5,0.0,0.5,PASS,carridi01w,2025-06-17T11:02:52.484029,,,0,0,,,NORMAL,False,0.0,
DiJonai Carrington,Rebounds,7.5,5.2,0.0,0.5,PASS,carridi01w,2025-06-17T11:02:52.486755,,,0,0,,,NORMAL,False,2.3,
DiJonai Carrington,Points,14.5,13.3,0.0,0.5,PASS,carridi01w,2025-06-17T11:02:52.488836,,,0,0,,,NORMAL,False,1.1999999999999993,
DiJonai Carrington,Points,13.0,13.3,0.0,0.5,PASS,carridi01w,2025-06-17T11:02:52.490656,,,0,0,,,NORMAL,False,-0.3000000000000007,
DiJonai Carrington,Fantasy Score,26.5,0.0,0.0,0.5,PASS,carridi01w,2025-06-17T11:02:52.492444,0.01,0.9,0,0,,confidence,DEMON,True,26.5,
Kayla Thornton,Rebounds,7.5,7.4,0.0,0.5,PASS,thornka01w,2025-06-17T11:02:52.495203,,,0,0,,,NORMAL,False,0.09999999999999964,
Kayla Thornton,Points,19.5,14.4,0.0,0.5,PASS,thornka01w,2025-06-17T11:02:52.497355,0.097,0.8039999999999999,0,0,,,VOLATILE,False,5.1,
Kayla Thornton,Points,14.5,14.4,0.0,0.5,PASS,thornka01w,2025-06-17T11:02:52.500183,,,0,0,,,NORMAL,False,0.09999999999999964,
Kayla Thornton,Rebounds,11.5,7.4,0.0,0.5,PASS,thornka01w,2025-06-17T11:02:52.502051,,,0,0,,,NORMAL,False,4.1,
Kayla Thornton,3-PT Made,3.5,1.6,0.0,0.5,PASS,thornka01w,2025-06-17T11:02:52.503872,,,0,0,,,NORMAL,False,1.9,
Kayla Thornton,Points,13.5,14.4,0.0,0.5,PASS,thornka01w,2025-06-17T11:02:52.505676,,,0,0,,,NORMAL,False,-0.9000000000000004,
Kayla Thornton,Rebounds,6.5,7.4,0.0,0.5,PASS,thornka01w,2025-06-17T11:02:52.507489,,,0,0,,,NORMAL,False,-0.9000000000000004,
Kayla Thornton,3-PT Made,2.5,1.6,0.0,0.5,PASS,thornka01w,2025-06-17T11:02:52.509623,,,0,0,,,NORMAL,False,0.8999999999999999,
Kayla Thornton,Pts+Rebs,22.5,21.8,0.0,0.5,PASS,thornka01w,2025-06-17T11:02:52.511563,,,0,0,,,NORMAL,False,0.6999999999999993,
Kayla Thornton,3-PT Made,1.5,1.6,0.0,0.5,PASS,thornka01w,2025-06-17T11:02:52.513650,,,0,0,,,NORMAL,False,-0.10000000000000009,
Kayla Thornton,Rebounds,5.5,7.4,0.0,0.5,PASS,thornka01w,2025-06-17T11:02:52.515798,,,0,0,,,NORMAL,False,-1.9000000000000004,
Kayla Thornton,Points,17.5,14.4,0.0,0.5,PASS,thornka01w,2025-06-17T11:02:52.517817,,,0,0,,,NORMAL,False,3.0999999999999996,
Kayla Thornton,Points,11.5,14.4,0.0,0.5,PASS,thornka01w,2025-06-17T11:02:52.519977,,,0,0,,,NORMAL,False,-2.9000000000000004,
Kayla Thornton,Fantasy Score,29.5,0.0,0.0,0.5,PASS,thornka01w,2025-06-17T11:02:52.522834,0.01,0.9,0,0,,confidence,DEMON,True,29.5,
Kayla Thornton,Rebounds,9.5,7.4,0.0,0.5,PASS,thornka01w,2025-06-17T11:02:52.525574,,,0,0,,,NORMAL,False,2.0999999999999996,
Kayla Thornton,Rebounds,10.5,7.4,0.0,0.5,PASS,thornka01w,2025-06-17T11:02:52.527660,,,0,0,,,NORMAL,False,3.0999999999999996,
Kayla Thornton,Pts+Rebs+Asts,23.0,22.9,0.0,0.5,PASS,thornka01w,2025-06-17T11:02:52.529725,,,0,0,,,NORMAL,False,0.10000000000000142,
Monique Billings,Points,9.5,6.9,0.0,0.5,PASS,billimo01w,2025-06-17T11:02:52.531643,,,0,0,,,NORMAL,False,2.5999999999999996,
Monique Billings,Rebounds,5.5,5.0,0.0,0.5,PASS,billimo01w,2025-06-17T11:02:52.533479,,,0,0,,,NORMAL,False,0.5,
Veronica Burton,Rebounds,2.5,4.1,0.0,0.5,PASS,burtove01w,2025-06-17T11:02:52.535384,,,0,0,,,NORMAL,False,-1.5999999999999996,
Veronica Burton,Rebounds,5.5,4.1,0.0,0.5,PASS,burtove01w,2025-06-17T11:02:52.537314,,,0,0,,,NORMAL,False,1.4000000000000004,
Veronica Burton,Points,11.5,11.9,0.0,0.5,PASS,burtove01w,2025-06-17T11:02:52.539161,,,0,0,,,NORMAL,False,-0.40000000000000036,
Veronica Burton,Points,11.0,11.9,0.0,0.5,PASS,burtove01w,2025-06-17T11:02:52.541791,,,0,0,,,NORMAL,False,-0.9000000000000004,
Veronica Burton,Assists,9.5,5.4,0.0,0.5,PASS,burtove01w,2025-06-17T11:02:52.543816,,,0,0,,,NORMAL,False,4.1,
Veronica Burton,Pts+Rebs+Asts,24.5,21.4,0.0,0.5,PASS,burtove01w,2025-06-17T11:02:52.545831,,,0,0,,,NORMAL,False,3.1000000000000014,
Veronica Burton,Points,7.5,11.9,0.0,0.5,PASS,burtove01w,2025-06-17T11:02:52.547743,0.776,0.118,0,0,,,NORMAL,False,-4.4,
Veronica Burton,Assists,4.5,5.4,0.0,0.5,PASS,burtove01w,2025-06-17T11:02:52.549653,,,0,0,,,NORMAL,False,-0.9000000000000004,
Veronica Burton,Pts+Rebs+Asts,21.0,21.4,0.0,0.5,PASS,burtove01w,2025-06-17T11:02:52.551700,,,0,0,,,NORMAL,False,-0.3999999999999986,
Veronica Burton,Rebs+Asts,9.5,9.5,0.0,0.5,PASS,burtove01w,2025-06-17T11:02:52.553669,,,0,0,,,NORMAL,False,0.0,
Veronica Burton,Points,17.5,11.9,0.0,0.5,PASS,burtove01w,2025-06-17T11:02:52.555588,0.08200000000000002,0.824,0,0,,,VOLATILE,False,5.6,
Veronica Burton,Fantasy Score,27.0,0.0,0.0,0.5,PASS,burtove01w,2025-06-17T11:02:52.557689,0.01,0.9,0,0,,confidence,DEMON,True,27.0,
Veronica Burton,Assists,8.5,5.4,0.0,0.5,PASS,burtove01w,2025-06-17T11:02:52.559799,,,0,0,,,NORMAL,False,3.0999999999999996,
Veronica Burton,Rebounds,3.5,4.1,0.0,0.5,PASS,burtove01w,2025-06-17T11:02:52.561696,,,0,0,,,NORMAL,False,-0.5999999999999996,
Veronica Burton,Assists,5.5,5.4,0.0,0.5,PASS,burtove01w,2025-06-17T11:02:52.563756,,,0,0,,,NORMAL,False,0.09999999999999964,
Veronica Burton,Pts+Rebs+Asts,29.5,21.4,0.0,0.5,PASS,burtove01w,2025-06-17T11:02:52.565975,0.01,0.9,0,0,,confidence,DEMON,True,8.100000000000001,
Veronica Burton,Assists,7.5,5.4,0.0,0.5,PASS,burtove01w,2025-06-17T11:02:52.567882,,,0,0,,,NORMAL,False,2.0999999999999996,
Veronica Burton,Points,14.5,11.9,0.0,0.5,PASS,burtove01w,2025-06-17T11:02:52.569900,,,0,0,,,NORMAL,False,2.5999999999999996,
Veronica Burton,Assists,6.0,5.4,0.0,0.5,PASS,burtove01w,2025-06-17T11:02:52.572007,,,0,0,,,NORMAL,False,0.5999999999999996,
Veronica Burton,Pts+Rebs+Asts,19.5,21.4,0.0,0.5,PASS,burtove01w,2025-06-17T11:02:52.574203,,,0,0,,,NORMAL,False,-1.8999999999999986,
Veronica Burton,Pts+Asts,17.0,17.3,0.0,0.5,PASS,burtove01w,2025-06-17T11:02:52.576154,,,0,0,,,NORMAL,False,-0.3000000000000007,
Veronica Burton,Rebounds,4.5,4.1,0.0,0.5,PASS,burtove01w,2025-06-17T11:02:52.578214,,,0,0,,,NORMAL,False,0.40000000000000036,
Veronica Burton,Points,9.5,11.9,0.0,0.5,PASS,burtove01w,2025-06-17T11:02:52.580228,,,0,0,,,NORMAL,False,-2.4000000000000004,
Carla Leite,Points,9.5,6.7,0.0,0.5,PASS,leiteca01w,2025-06-17T11:02:52.582077,,,0,0,,,NORMAL,False,2.8,
Brittney Sykes,Rebs+Asts,9.0,8.9,0.0,0.5,PASS,sykesbr01w,2025-06-17T11:02:52.584171,,,0,0,,,NORMAL,False,0.09999999999999964,
Brittney Sykes,Rebounds,6.5,4.4,0.0,0.5,PASS,sykesbr01w,2025-06-17T11:02:52.586263,,,0,0,,,NORMAL,False,2.0999999999999996,
Brittney Sykes,Points,24.5,19.4,0.0,0.5,PASS,sykesbr01w,2025-06-17T11:02:52.588259,0.09699999999999998,0.804,0,0,,,VOLATILE,False,5.100000000000001,
Brittney Sykes,Pts+Asts,24.0,23.9,0.0,0.5,PASS,sykesbr01w,2025-06-17T11:02:52.590612,,,0,0,,,NORMAL,False,0.10000000000000142,
Brittney Sykes,Rebounds,2.5,4.4,0.0,0.5,PASS,sykesbr01w,2025-06-17T11:02:52.592654,,,0,0,,,NORMAL,False,-1.9000000000000004,
Brittney Sykes,Points,14.5,19.4,0.0,0.5,PASS,sykesbr01w,2025-06-17T11:02:52.595556,0.7959999999999999,0.10300000000000004,0,0,,,NORMAL,False,-4.899999999999999,
Brittney Sykes,Assists,5.5,4.5,0.0,0.5,PASS,sykesbr01w,2025-06-17T11:02:52.597700,,,0,0,,,NORMAL,False,1.0,
Brittney Sykes,Rebounds,4.0,4.4,0.0,0.5,PASS,sykesbr01w,2025-06-17T11:02:52.599984,,,0,0,,,NORMAL,False,-0.40000000000000036,
Brittney Sykes,Assists,6.5,4.5,0.0,0.5,PASS,sykesbr01w,2025-06-17T11:02:52.602132,,,0,0,,,NORMAL,False,2.0,
Brittney Sykes,Pts+Rebs+Asts,28.5,28.3,0.0,0.5,PASS,sykesbr01w,2025-06-17T11:02:52.604271,,,0,0,,,NORMAL,False,0.1999999999999993,
Brittney Sykes,Points,17.5,19.4,0.0,0.5,PASS,sykesbr01w,2025-06-17T11:02:52.606663,,,0,0,,,NORMAL,False,-1.8999999999999986,
Brittney Sykes,Pts+Rebs+Asts,39.5,28.3,0.0,0.5,PASS,sykesbr01w,2025-06-17T11:02:52.608857,0.01,0.9,0,0,,confidence,DEMON,True,11.2,
Brittney Sykes,Assists,3.5,4.5,0.0,0.5,PASS,sykesbr01w,2025-06-17T11:02:52.610915,,,0,0,,,NORMAL,False,-1.0,
Brittney Sykes,Rebounds,4.5,4.4,0.0,0.5,PASS,sykesbr01w,2025-06-17T11:02:52.613190,,,0,0,,,NORMAL,False,0.09999999999999964,
Brittney Sykes,Assists,4.5,4.5,0.0,0.5,PASS,sykesbr01w,2025-06-17T11:02:52.616149,,,0,0,,,NORMAL,False,0.0,
Brittney Sykes,Pts+Rebs+Asts,34.5,28.3,0.0,0.5,PASS,sykesbr01w,2025-06-17T11:02:52.618217,0.06400000000000003,0.848,0,0,,confidence,DEMON,True,6.199999999999999,
Brittney Sykes,Pts+Rebs,23.5,23.8,0.0,0.5,PASS,sykesbr01w,2025-06-17T11:02:52.620358,,,0,0,,,NORMAL,False,-0.3000000000000007,
Brittney Sykes,Pts+Rebs+Asts,24.5,28.3,0.0,0.5,PASS,sykesbr01w,2025-06-17T11:02:52.622532,0.752,0.13599999999999998,0,0,,,NORMAL,False,-3.8000000000000007,
Brittney Sykes,Rebounds,3.5,4.4,0.0,0.5,PASS,sykesbr01w,2025-06-17T11:02:52.624630,,,0,0,,,NORMAL,False,-0.9000000000000004,
Brittney Sykes,Rebounds,5.5,4.4,0.0,0.5,PASS,sykesbr01w,2025-06-17T11:02:52.626862,,,0,0,,,NORMAL,False,1.0999999999999996,
Brittney Sykes,Fantasy Score,34.0,0.0,0.0,0.5,PASS,sykesbr01w,2025-06-17T11:02:52.628935,0.01,0.9,0,0,,confidence,DEMON,True,34.0,
Brittney Sykes,Points,19.0,19.4,0.0,0.5,PASS,sykesbr01w,2025-06-17T11:02:52.630923,,,0,0,,,NORMAL,False,-0.3999999999999986,
Angel Reese,Points,14.5,10.4,0.0,0.5,PASS,reesean01w,2025-06-17T11:02:52.633818,,,0,0,,,NORMAL,False,4.1,
Angel Reese,Points,10.5,10.4,0.0,0.5,PASS,reesean01w,2025-06-17T11:02:52.635845,,,0,0,,,NORMAL,False,0.09999999999999964,
Angel Reese,Rebounds,11.5,11.9,0.0,0.5,PASS,reesean01w,2025-06-17T11:02:52.637826,,,0,0,,,NORMAL,False,-0.40000000000000036,
Angel Reese,Pts+Rebs+Asts,24.5,25.8,0.0,0.5,PASS,reesean01w,2025-06-17T11:02:52.639859,,,0,0,,,NORMAL,False,-1.3000000000000007,
Angel Reese,Rebounds,15.5,11.9,0.0,0.5,PASS,reesean01w,2025-06-17T11:02:52.641933,,,0,0,,,NORMAL,False,3.5999999999999996,
Angel Reese,Rebounds,8.5,11.9,0.0,0.5,PASS,reesean01w,2025-06-17T11:02:52.643888,0.736,0.148,0,0,,,NORMAL,False,-3.4000000000000004,
Angel Reese,Points,9.5,10.4,0.0,0.5,PASS,reesean01w,2025-06-17T11:02:52.645866,,,0,0,,,NORMAL,False,-0.9000000000000004,
Angel Reese,Assists,2.5,3.5,0.0,0.5,PASS,reesean01w,2025-06-17T11:02:52.647882,,,0,0,,,NORMAL,False,-1.0,
Angel Reese,Assists,3.5,3.5,0.0,0.5,PASS,reesean01w,2025-06-17T11:02:52.649908,,,0,0,,,NORMAL,False,0.0,
Angel Reese,Pts+Rebs+Asts,26.5,25.8,0.0,0.5,PASS,reesean01w,2025-06-17T11:02:52.651969,,,0,0,,,NORMAL,False,0.6999999999999993,
Angel Reese,Pts+Asts,15.5,13.9,0.0,0.5,PASS,reesean01w,2025-06-17T11:02:52.653994,,,0,0,,,NORMAL,False,1.5999999999999996,
Angel Reese,Rebounds,14.5,11.9,0.0,0.5,PASS,reesean01w,2025-06-17T11:02:52.656005,,,0,0,,,NORMAL,False,2.5999999999999996,
Angel Reese,Pts+Rebs+Asts,29.5,25.8,0.0,0.5,PASS,reesean01w,2025-06-17T11:02:52.658005,,,0,0,,,NORMAL,False,3.6999999999999993,
Angel Reese,Assists,5.5,3.5,0.0,0.5,PASS,reesean01w,2025-06-17T11:02:52.660019,,,0,0,,,NORMAL,False,2.0,
Angel Reese,Points,17.5,10.4,0.0,0.5,PASS,reesean01w,2025-06-17T11:02:52.662207,0.037000000000000005,0.8839999999999999,0,0,,confidence,DEMON,True,7.1,
Angel Reese,Pts+Rebs+Asts,34.5,25.8,0.0,0.5,PASS,reesean01w,2025-06-17T11:02:52.664233,0.01,0.9,0,0,,confidence,DEMON,True,8.7,
Angel Reese,Assists,4.5,3.5,0.0,0.5,PASS,reesean01w,2025-06-17T11:02:52.666170,,,0,0,,,NORMAL,False,1.0,
Angel Reese,Rebounds,10.5,11.9,0.0,0.5,PASS,reesean01w,2025-06-17T11:02:52.668178,,,0,0,,,NORMAL,False,-1.4000000000000004,
Angel Reese,Points,19.5,10.4,0.0,0.5,PASS,reesean01w,2025-06-17T11:02:52.670191,0.01,0.9,0,0,,confidence,DEMON,True,9.1,
Angel Reese,Pts+Rebs+Asts,39.5,25.8,0.0,0.5,PASS,reesean01w,2025-06-17T11:02:52.672172,0.01,0.9,0,0,,confidence,DEMON,True,13.7,
Angel Reese,Fantasy Score,33.0,0.0,0.0,0.5,PASS,reesean01w,2025-06-17T11:02:52.674117,0.01,0.9,0,0,,confidence,DEMON,True,33.0,
Angel Reese,Points,11.5,10.4,0.0,0.5,PASS,reesean01w,2025-06-17T11:02:52.676060,,,0,0,,,NORMAL,False,1.0999999999999996,
Angel Reese,Pts+Rebs,23.0,22.3,0.0,0.5,PASS,reesean01w,2025-06-17T11:02:52.678013,,,0,0,,,NORMAL,False,0.6999999999999993,
Angel Reese,Rebounds,9.5,11.9,0.0,0.5,PASS,reesean01w,2025-06-17T11:02:52.679969,,,0,0,,,NORMAL,False,-2.4000000000000004,
Angel Reese,Rebounds,11.0,11.9,0.0,0.5,PASS,reesean01w,2025-06-17T11:02:52.683828,,,0,0,,,NORMAL,False,-0.9000000000000004,
Angel Reese,Assists,6.5,3.5,0.0,0.5,PASS,reesean01w,2025-06-17T11:02:52.687493,,,0,0,,,NORMAL,False,3.0,
Ariel Atkins,3-PT Made,1.5,1.5,0.0,0.5,PASS,atkinar01w,2025-06-17T11:02:52.689683,,,0,0,,,NORMAL,False,0.0,
Ariel Atkins,Pts+Rebs+Asts,29.5,19.6,0.0,0.5,PASS,atkinar01w,2025-06-17T11:02:52.692598,0.01,0.9,0,0,,confidence,DEMON,True,9.899999999999999,
Ariel Atkins,Points,12.5,12.9,0.0,0.5,PASS,atkinar01w,2025-06-17T11:02:52.694744,,,0,0,,,NORMAL,False,-0.40000000000000036,
Ariel Atkins,Points,14.5,12.9,0.0,0.5,PASS,atkinar01w,2025-06-17T11:02:52.696917,,,0,0,,,NORMAL,False,1.5999999999999996,
Ariel Atkins,Assists,3.5,3.1,0.0,0.5,PASS,atkinar01w,2025-06-17T11:02:52.699042,,,0,0,,,NORMAL,False,0.3999999999999999,
Ariel Atkins,Rebounds,5.5,3.6,0.0,0.5,PASS,atkinar01w,2025-06-17T11:02:52.701068,,,0,0,,,NORMAL,False,1.9,
Ariel Atkins,Fantasy Score,26.5,0.0,0.0,0.5,PASS,atkinar01w,2025-06-17T11:02:52.703141,0.01,0.9,0,0,,confidence,DEMON,True,26.5,
Ariel Atkins,Points,13.5,12.9,0.0,0.5,PASS,atkinar01w,2025-06-17T11:02:52.705175,,,0,0,,,NORMAL,False,0.5999999999999996,
Ariel Atkins,Pts+Asts,17.5,16.0,0.0,0.5,PASS,atkinar01w,2025-06-17T11:02:52.707209,,,0,0,,,NORMAL,False,1.5,
Ariel Atkins,Points,9.5,12.9,0.0,0.5,PASS,atkinar01w,2025-06-17T11:02:52.709294,0.736,0.148,0,0,,,NORMAL,False,-3.4000000000000004,
Ariel Atkins,Pts+Rebs+Asts,20.5,19.6,0.0,0.5,PASS,atkinar01w,2025-06-17T11:02:52.711353,,,0,0,,,NORMAL,False,0.8999999999999986,
Ariel Atkins,3-PT Made,2.5,1.5,0.0,0.5,PASS,atkinar01w,2025-06-17T11:02:52.713304,,,0,0,,,NORMAL,False,1.0,
Ariel Atkins,Assists,2.5,3.1,0.0,0.5,PASS,atkinar01w,2025-06-17T11:02:52.715251,,,0,0,,,NORMAL,False,-0.6000000000000001,
Ariel Atkins,Assists,6.5,3.1,0.0,0.5,PASS,atkinar01w,2025-06-17T11:02:52.718018,,,0,0,,,NORMAL,False,3.4,
Ariel Atkins,Rebounds,2.5,3.6,0.0,0.5,PASS,atkinar01w,2025-06-17T11:02:52.719985,,,0,0,,,NORMAL,False,-1.1,
Ariel Atkins,Points,19.5,12.9,0.0,0.5,PASS,atkinar01w,2025-06-17T11:02:52.721899,0.05200000000000002,0.864,0,0,,confidence,DEMON,True,6.6,
Ariel Atkins,Pts+Rebs+Asts,24.5,19.6,0.0,0.5,PASS,atkinar01w,2025-06-17T11:02:52.723840,,,0,0,,,NORMAL,False,4.899999999999999,
Ariel Atkins,Pts+Rebs,17.0,16.5,0.0,0.5,PASS,atkinar01w,2025-06-17T11:02:52.725782,,,0,0,,,NORMAL,False,0.5,
Ariel Atkins,Rebounds,4.5,3.6,0.0,0.5,PASS,atkinar01w,2025-06-17T11:02:52.728633,,,0,0,,,NORMAL,False,0.8999999999999999,
Ariel Atkins,Points,11.5,12.9,0.0,0.5,PASS,atkinar01w,2025-06-17T11:02:52.730713,,,0,0,,,NORMAL,False,-1.4000000000000004,
Ariel Atkins,Assists,5.5,3.1,0.0,0.5,PASS,atkinar01w,2025-06-17T11:02:52.732750,,,0,0,,,NORMAL,False,2.4,
Ariel Atkins,Rebounds,3.5,3.6,0.0,0.5,PASS,atkinar01w,2025-06-17T11:02:52.734674,,,0,0,,,NORMAL,False,-0.10000000000000009,
Ariel Atkins,3-PT Made,0.5,1.5,0.0,0.5,PASS,atkinar01w,2025-06-17T11:02:52.736575,,,0,0,,,NORMAL,False,-1.0,
Ariel Atkins,Pts+Rebs+Asts,19.5,19.6,0.0,0.5,PASS,atkinar01w,2025-06-17T11:02:52.738533,,,0,0,,,NORMAL,False,-0.10000000000000142,
Ariel Atkins,Points,17.5,12.9,0.0,0.5,PASS,atkinar01w,2025-06-17T11:02:52.740462,,,0,0,,,NORMAL,False,4.6,
Ariel Atkins,Assists,4.5,3.1,0.0,0.5,PASS,atkinar01w,2025-06-17T11:02:52.742368,,,0,0,,,NORMAL,False,1.4,
Kamilla Cardoso,Points,11.5,10.9,0.0,0.5,PASS,cardoka01w,2025-06-17T11:02:52.744355,,,0,0,,,NORMAL,False,0.5999999999999996,
Kamilla Cardoso,Points,7.5,10.9,0.0,0.5,PASS,cardoka01w,2025-06-17T11:02:52.746407,0.736,0.148,0,0,,,NORMAL,False,-3.4000000000000004,
Kamilla Cardoso,Fantasy Score,22.0,0.0,0.0,0.5,PASS,cardoka01w,2025-06-17T11:02:52.748333,0.01,0.9,0,0,,confidence,DEMON,True,22.0,
Kamilla Cardoso,Rebounds,7.5,6.8,0.0,0.5,PASS,cardoka01w,2025-06-17T11:02:52.750243,,,0,0,,,NORMAL,False,0.7000000000000002,
Kamilla Cardoso,Rebounds,5.5,6.8,0.0,0.5,PASS,cardoka01w,2025-06-17T11:02:52.753094,,,0,0,,,NORMAL,False,-1.2999999999999998,
Kamilla Cardoso,Rebounds,6.5,6.8,0.0,0.5,PASS,cardoka01w,2025-06-17T11:02:52.755003,,,0,0,,,NORMAL,False,-0.2999999999999998,
Kamilla Cardoso,Rebounds,10.5,6.8,0.0,0.5,PASS,cardoka01w,2025-06-17T11:02:52.756901,,,0,0,,,NORMAL,False,3.7,
Kamilla Cardoso,Points,9.5,10.9,0.0,0.5,PASS,cardoka01w,2025-06-17T11:02:52.759651,,,0,0,,,NORMAL,False,-1.4000000000000004,
Kamilla Cardoso,Points,10.0,10.9,0.0,0.5,PASS,cardoka01w,2025-06-17T11:02:52.761622,,,0,0,,,NORMAL,False,-0.9000000000000004,
Kamilla Cardoso,Rebounds,7.0,6.8,0.0,0.5,PASS,cardoka01w,2025-06-17T11:02:52.763540,,,0,0,,,NORMAL,False,0.20000000000000018,
Kamilla Cardoso,Points,14.5,10.9,0.0,0.5,PASS,cardoka01w,2025-06-17T11:02:52.766270,,,0,0,,,NORMAL,False,3.5999999999999996,
Kamilla Cardoso,Pts+Rebs,17.5,17.7,0.0,0.5,PASS,cardoka01w,2025-06-17T11:02:52.768269,,,0,0,,,NORMAL,False,-0.1999999999999993,
Kamilla Cardoso,Points,17.5,10.9,0.0,0.5,PASS,cardoka01w,2025-06-17T11:02:52.770184,0.05200000000000002,0.864,0,0,,confidence,DEMON,True,6.6,
Kamilla Cardoso,Rebounds,9.5,6.8,0.0,0.5,PASS,cardoka01w,2025-06-17T11:02:52.772095,,,0,0,,,NORMAL,False,2.7,
Kiki Iriafen,Rebounds,9.5,9.8,0.0,0.5,PASS,iriafki01w,2025-06-17T11:02:52.774274,,,0,0,,,NORMAL,False,-0.3000000000000007,
Kiki Iriafen,Rebounds,6.5,9.8,0.0,0.5,PASS,iriafki01w,2025-06-17T11:02:52.776175,0.732,0.15099999999999997,0,0,,,NORMAL,False,-3.3000000000000007,
Kiki Iriafen,Points,9.5,13.8,0.0,0.5,PASS,iriafki01w,2025-06-17T11:02:52.778103,0.772,0.121,0,0,,,NORMAL,False,-4.300000000000001,
Kiki Iriafen,Fantasy Score,25.0,0.0,0.0,0.5,PASS,iriafki01w,2025-06-17T11:02:52.780101,0.01,0.9,0,0,,confidence,DEMON,True,25.0,
Kiki Iriafen,Rebounds,5.5,9.8,0.0,0.5,PASS,iriafki01w,2025-06-17T11:02:52.782002,0.772,0.121,0,0,,,NORMAL,False,-4.300000000000001,
Kiki Iriafen,Points,12.5,13.8,0.0,0.5,PASS,iriafki01w,2025-06-17T11:02:52.783885,,,0,0,,,NORMAL,False,-1.3000000000000007,
Kiki Iriafen,Rebounds,8.0,9.8,0.0,0.5,PASS,iriafki01w,2025-06-17T11:02:52.785785,,,0,0,,,NORMAL,False,-1.8000000000000007,
Kiki Iriafen,Points,19.5,13.8,0.0,0.5,PASS,iriafki01w,2025-06-17T11:02:52.787848,0.07900000000000001,0.828,0,0,,confidence,DEMON,True,5.699999999999999,
Kiki Iriafen,Points,14.5,13.8,0.0,0.5,PASS,iriafki01w,2025-06-17T11:02:52.789762,,,0,0,,,NORMAL,False,0.6999999999999993,
Kiki Iriafen,Points,17.5,13.8,0.0,0.5,PASS,iriafki01w,2025-06-17T11:02:52.793383,,,0,0,,,NORMAL,False,3.6999999999999993,
Kiki Iriafen,Rebounds,11.5,9.8,0.0,0.5,PASS,iriafki01w,2025-06-17T11:02:52.795302,,,0,0,,,NORMAL,False,1.6999999999999993,
Kiki Iriafen,Pts+Rebs,20.5,23.6,0.0,0.5,PASS,iriafki01w,2025-06-17T11:02:52.797953,0.724,0.15699999999999997,0,0,,,NORMAL,False,-3.1000000000000014,
Kiki Iriafen,Rebounds,10.5,9.8,0.0,0.5,PASS,iriafki01w,2025-06-17T11:02:52.799909,,,0,0,,,NORMAL,False,0.6999999999999993,
Kiki Iriafen,Points,11.5,13.8,0.0,0.5,PASS,iriafki01w,2025-06-17T11:02:52.802663,,,0,0,,,NORMAL,False,-2.3000000000000007,
Kiki Iriafen,Rebounds,7.5,9.8,0.0,0.5,PASS,iriafki01w,2025-06-17T11:02:52.804575,,,0,0,,,NORMAL,False,-2.3000000000000007,
Sonia Citron,Points,14.5,12.8,0.0,0.5,PASS,citroso01w,2025-06-17T11:02:52.806497,,,0,0,,,NORMAL,False,1.6999999999999993,
Sonia Citron,3-PT Made,0.5,1.3,0.0,0.5,PASS,citroso01w,2025-06-17T11:02:52.809312,,,0,0,,,NORMAL,False,-0.8,
Sonia Citron,Points,11.5,12.8,0.0,0.5,PASS,citroso01w,2025-06-17T11:02:52.811164,,,0,0,,,NORMAL,False,-1.3000000000000007,
Sonia Citron,Points,9.5,12.8,0.0,0.5,PASS,citroso01w,2025-06-17T11:02:52.813004,0.732,0.15099999999999997,0,0,,,NORMAL,False,-3.3000000000000007,
Sonia Citron,Points,19.5,12.8,0.0,0.5,PASS,citroso01w,2025-06-17T11:02:52.814865,0.049000000000000016,0.8679999999999999,0,0,,confidence,DEMON,True,6.699999999999999,
Sonia Citron,3-PT Made,1.5,1.3,0.0,0.5,PASS,citroso01w,2025-06-17T11:02:52.816761,,,0,0,,,NORMAL,False,0.19999999999999996,
Sonia Citron,Points,13.5,12.8,0.0,0.5,PASS,citroso01w,2025-06-17T11:02:52.818620,,,0,0,,,NORMAL,False,0.6999999999999993,
Sonia Citron,3-PT Made,2.5,1.3,0.0,0.5,PASS,citroso01w,2025-06-17T11:02:52.820456,,,0,0,,,NORMAL,False,1.2,
Sonia Citron,Points,17.5,12.8,0.0,0.5,PASS,citroso01w,2025-06-17T11:02:52.822378,,,0,0,,,NORMAL,False,4.699999999999999,
Sonia Citron,Rebounds,5.5,4.4,0.0,0.5,PASS,citroso01w,2025-06-17T11:02:52.824348,,,0,0,,,NORMAL,False,1.0999999999999996,
Gabby Williams,Points,12.5,15.4,0.0,0.5,PASS,williga01w,2025-06-17T11:02:52.828148,,,0,0,,,NORMAL,False,-2.9000000000000004,
Gabby Williams,Pts+Rebs+Asts,29.5,24.0,0.0,0.5,PASS,williga01w,2025-06-17T11:02:52.830131,0.08500000000000002,0.82,0,0,,,VOLATILE,False,5.5,
Gabby Williams,3-PT Made,3.5,2.3,0.0,0.5,PASS,williga01w,2025-06-17T11:02:52.832024,,,0,0,,,NORMAL,False,1.2000000000000002,
Gabby Williams,Pts+Rebs,18.0,19.7,0.0,0.5,PASS,williga01w,2025-06-17T11:02:52.833942,,,0,0,,,NORMAL,False,-1.6999999999999993,
Gabby Williams,Rebounds,2.5,4.3,0.0,0.5,PASS,williga01w,2025-06-17T11:02:52.835924,,,0,0,,,NORMAL,False,-1.7999999999999998,
Gabby Williams,3-PT Made,1.5,2.3,0.0,0.5,PASS,williga01w,2025-06-17T11:02:52.837912,,,0,0,,,NORMAL,False,-0.7999999999999998,
Gabby Williams,Rebounds,7.5,4.3,0.0,0.5,PASS,williga01w,2025-06-17T11:02:52.839868,,,0,0,,,NORMAL,False,3.2,
Gabby Williams,3-PT Made,2.5,2.3,0.0,0.5,PASS,williga01w,2025-06-17T11:02:52.841915,,,0,0,,,NORMAL,False,0.20000000000000018,
Gabby Williams,Pts+Asts,18.0,19.7,0.0,0.5,PASS,williga01w,2025-06-17T11:02:52.843989,,,0,0,,,NORMAL,False,-1.6999999999999993,
Gabby Williams,Assists,2.5,4.3,0.0,0.5,PASS,williga01w,2025-06-17T11:02:52.845914,,,0,0,,,NORMAL,False,-1.7999999999999998,
Gabby Williams,Assists,6.5,4.3,0.0,0.5,PASS,williga01w,2025-06-17T11:02:52.847808,,,0,0,,,NORMAL,False,2.2,
Gabby Williams,Pts+Rebs+Asts,21.5,24.0,0.0,0.5,PASS,williga01w,2025-06-17T11:02:52.849973,,,0,0,,,NORMAL,False,-2.5,
Gabby Williams,Rebounds,6.5,4.3,0.0,0.5,PASS,williga01w,2025-06-17T11:02:52.851915,,,0,0,,,NORMAL,False,2.2,
Gabby Williams,Assists,7.5,4.3,0.0,0.5,PASS,williga01w,2025-06-17T11:02:52.853880,,,0,0,,,NORMAL,False,3.2,
Gabby Williams,Assists,3.5,4.3,0.0,0.5,PASS,williga01w,2025-06-17T11:02:52.856208,,,0,0,,,NORMAL,False,-0.7999999999999998,
Gabby Williams,Assists,5.5,4.3,0.0,0.5,PASS,williga01w,2025-06-17T11:02:52.858457,,,0,0,,,NORMAL,False,1.2000000000000002,
Gabby Williams,Assists,4.5,4.3,0.0,0.5,PASS,williga01w,2025-06-17T11:02:52.860467,,,0,0,,,NORMAL,False,0.20000000000000018,
Gabby Williams,Pts+Rebs+Asts,19.5,24.0,0.0,0.5,PASS,williga01w,2025-06-17T11:02:52.862413,0.78,0.11499999999999999,0,0,,,NORMAL,False,-4.5,
Gabby Williams,Points,19.5,15.4,0.0,0.5,PASS,williga01w,2025-06-17T11:02:52.864485,,,0,0,,,NORMAL,False,4.1,
Gabby Williams,Points,13.5,15.4,0.0,0.5,PASS,williga01w,2025-06-17T11:02:52.866364,,,0,0,,,NORMAL,False,-1.9000000000000004,
Gabby Williams,Fantasy Score,30.5,0.0,0.0,0.5,PASS,williga01w,2025-06-17T11:02:52.868261,0.01,0.9,0,0,,confidence,DEMON,True,30.5,
Gabby Williams,Points,9.5,15.4,0.0,0.5,PASS,williga01w,2025-06-17T11:02:52.870518,0.836,0.07300000000000001,0,0,,confidence,GOBLIN,True,-5.9,
Gabby Williams,Pts+Rebs+Asts,24.5,24.0,0.0,0.5,PASS,williga01w,2025-06-17T11:02:52.872551,,,0,0,,,NORMAL,False,0.5,
Gabby Williams,Rebounds,4.5,4.3,0.0,0.5,PASS,williga01w,2025-06-17T11:02:52.874463,,,0,0,,,NORMAL,False,0.20000000000000018,
Gabby Williams,Points,11.5,15.4,0.0,0.5,PASS,williga01w,2025-06-17T11:02:52.876378,0.756,0.133,0,0,,,NORMAL,False,-3.9000000000000004,
Gabby Williams,Points,17.5,15.4,0.0,0.5,PASS,williga01w,2025-06-17T11:02:52.878393,,,0,0,,,NORMAL,False,2.0999999999999996,
Gabby Williams,Assists,4.0,4.3,0.0,0.5,PASS,williga01w,2025-06-17T11:02:52.880403,,,0,0,,,NORMAL,False,-0.2999999999999998,
Ezi Magbegor,Rebounds,6.5,7.8,0.0,0.5,PASS,magbeez01w,2025-06-17T11:02:52.882385,,,0,0,,,NORMAL,False,-1.2999999999999998,
Ezi Magbegor,Points,14.5,8.2,0.0,0.5,PASS,magbeez01w,2025-06-17T11:02:52.884449,0.061,0.8520000000000001,0,0,,confidence,DEMON,True,6.300000000000001,
Ezi Magbegor,Pts+Rebs+Asts,18.5,18.4,0.0,0.5,PASS,magbeez01w,2025-06-17T11:02:52.886447,,,0,0,,,NORMAL,False,0.10000000000000142,
Ezi Magbegor,Points,8.5,8.2,0.0,0.5,PASS,magbeez01w,2025-06-17T11:02:52.888447,,,0,0,,,NORMAL,False,0.3000000000000007,
Ezi Magbegor,Rebounds,5.5,7.8,0.0,0.5,PASS,magbeez01w,2025-06-17T11:02:52.890568,,,0,0,,,NORMAL,False,-2.3,
Ezi Magbegor,Rebounds,9.5,7.8,0.0,0.5,PASS,magbeez01w,2025-06-17T11:02:52.892516,,,0,0,,,NORMAL,False,1.7000000000000002,
Ezi Magbegor,Points,7.5,8.2,0.0,0.5,PASS,magbeez01w,2025-06-17T11:02:52.896072,,,0,0,,,NORMAL,False,-0.6999999999999993,
Ezi Magbegor,Points,11.5,8.2,0.0,0.5,PASS,magbeez01w,2025-06-17T11:02:52.898209,,,0,0,,,NORMAL,False,3.3000000000000007,
Ezi Magbegor,Fantasy Score,26.5,0.0,0.0,0.5,PASS,magbeez01w,2025-06-17T11:02:52.900242,0.01,0.9,0,0,,confidence,DEMON,True,26.5,
Ezi Magbegor,Rebounds,11.5,7.8,0.0,0.5,PASS,magbeez01w,2025-06-17T11:02:52.902257,,,0,0,,,NORMAL,False,3.7,
Ezi Magbegor,Points,9.5,8.2,0.0,0.5,PASS,magbeez01w,2025-06-17T11:02:52.904196,,,0,0,,,NORMAL,False,1.3000000000000007,
Ezi Magbegor,Rebounds,10.5,7.8,0.0,0.5,PASS,magbeez01w,2025-06-17T11:02:52.906197,,,0,0,,,NORMAL,False,2.7,
Ezi Magbegor,Rebounds,7.5,7.8,0.0,0.5,PASS,magbeez01w,2025-06-17T11:02:52.908089,,,0,0,,,NORMAL,False,-0.2999999999999998,
Ezi Magbegor,Pts+Rebs,16.5,16.0,0.0,0.5,PASS,magbeez01w,2025-06-17T11:02:52.910198,,,0,0,,,NORMAL,False,0.5,
Ezi Magbegor,Points,5.5,8.2,0.0,0.5,PASS,magbeez01w,2025-06-17T11:02:52.912193,,,0,0,,,NORMAL,False,-2.6999999999999993,
Azura Stevens,Rebounds,9.5,9.3,0.0,0.5,PASS,steveaz01w,2025-06-17T11:02:52.914167,,,0,0,,,NORMAL,False,0.1999999999999993,
Azura Stevens,Points,17.5,12.8,0.0,0.5,PASS,steveaz01w,2025-06-17T11:02:52.916983,,,0,0,,,NORMAL,False,4.699999999999999,
Azura Stevens,Rebounds,11.5,9.3,0.0,0.5,PASS,steveaz01w,2025-06-17T11:02:52.919085,,,0,0,,,NORMAL,False,2.1999999999999993,
Azura Stevens,3-PT Made,1.5,1.3,0.0,0.5,PASS,steveaz01w,2025-06-17T11:02:52.921862,,,0,0,,,NORMAL,False,0.19999999999999996,
Azura Stevens,Rebounds,10.5,9.3,0.0,0.5,PASS,steveaz01w,2025-06-17T11:02:52.923810,,,0,0,,,NORMAL,False,1.1999999999999993,
Azura Stevens,Rebounds,5.5,9.3,0.0,0.5,PASS,steveaz01w,2025-06-17T11:02:52.925916,0.752,0.13599999999999998,0,0,,,NORMAL,False,-3.8000000000000007,
Azura Stevens,3-PT Made,0.5,1.3,0.0,0.5,PASS,steveaz01w,2025-06-17T11:02:52.927853,,,0,0,,,NORMAL,False,-0.8,
Azura Stevens,Rebounds,8.0,9.3,0.0,0.5,PASS,steveaz01w,2025-06-17T11:02:52.929878,,,0,0,,,NORMAL,False,-1.3000000000000007,
Azura Stevens,Pts+Rebs,20.5,22.1,0.0,0.5,PASS,steveaz01w,2025-06-17T11:02:52.931858,,,0,0,,,NORMAL,False,-1.6000000000000014,
Azura Stevens,Points,12.5,12.8,0.0,0.5,PASS,steveaz01w,2025-06-17T11:02:52.933947,,,0,0,,,NORMAL,False,-0.3000000000000007,
Dearica Hamby,Points,18.5,17.6,0.0,0.5,PASS,hambyde01w,2025-06-17T11:02:52.935962,,,0,0,,,NORMAL,False,0.8999999999999986,
Dearica Hamby,Pts+Rebs,25.0,25.2,0.0,0.5,PASS,hambyde01w,2025-06-17T11:02:52.938017,,,0,0,,,NORMAL,False,-0.1999999999999993,
Dearica Hamby,Pts+Rebs+Asts,31.0,29.5,0.0,0.5,PASS,hambyde01w,2025-06-17T11:02:52.940238,,,0,0,,,NORMAL,False,1.5,
Dearica Hamby,Assists,4.5,4.3,0.0,0.5,PASS,hambyde01w,2025-06-17T11:02:52.942217,,,0,0,,,NORMAL,False,0.20000000000000018,
Dearica Hamby,Fantasy Score,38.5,0.0,0.0,0.5,PASS,hambyde01w,2025-06-17T11:02:52.944166,0.01,0.9,0,0,,confidence,DEMON,True,38.5,
Dearica Hamby,Rebs+Asts,12.5,11.9,0.0,0.5,PASS,hambyde01w,2025-06-17T11:02:52.946201,,,0,0,,,NORMAL,False,0.5999999999999996,
Dearica Hamby,Points,15.5,17.6,0.0,0.5,PASS,hambyde01w,2025-06-17T11:02:52.948307,,,0,0,,,NORMAL,False,-2.1000000000000014,
Dearica Hamby,Assists,6.5,4.3,0.0,0.5,PASS,hambyde01w,2025-06-17T11:02:52.950357,,,0,0,,,NORMAL,False,2.2,
Dearica Hamby,Assists,3.5,4.3,0.0,0.5,PASS,hambyde01w,2025-06-17T11:02:52.952265,,,0,0,,,NORMAL,False,-0.7999999999999998,
Dearica Hamby,Points,17.5,17.6,0.0,0.5,PASS,hambyde01w,2025-06-17T11:02:52.954325,,,0,0,,,NORMAL,False,-0.10000000000000142,
Rickea Jackson,Points,17.5,13.6,0.0,0.5,PASS,jacksri01w,2025-06-17T11:02:52.958029,,,0,0,,,NORMAL,False,3.9000000000000004,
Rickea Jackson,Points,11.5,13.6,0.0,0.5,PASS,jacksri01w,2025-06-17T11:02:52.960235,,,0,0,,,NORMAL,False,-2.0999999999999996,
Rickea Jackson,Points,19.5,13.6,0.0,0.5,PASS,jacksri01w,2025-06-17T11:02:52.962177,0.07300000000000001,0.836,0,0,,confidence,DEMON,True,5.9,
Rickea Jackson,Rebounds,5.5,3.9,0.0,0.5,PASS,jacksri01w,2025-06-17T11:02:52.964253,,,0,0,,,NORMAL,False,1.6,
Rickea Jackson,Points,15.5,13.6,0.0,0.5,PASS,jacksri01w,2025-06-17T11:02:52.966140,,,0,0,,,NORMAL,False,1.9000000000000004,
Skylar Diggins,Points,17.5,17.8,0.0,0.5,PASS,diggisk01w,2025-06-17T11:02:52.969216,,,0,0,,,NORMAL,False,-0.3000000000000007,
Skylar Diggins,Assists,8.5,6.3,0.0,0.5,PASS,diggisk01w,2025-06-17T11:02:52.971190,,,0,0,,,NORMAL,False,2.2,
Skylar Diggins,Points,19.5,17.8,0.0,0.5,PASS,diggisk01w,2025-06-17T11:02:52.973087,,,0,0,,,NORMAL,False,1.6999999999999993,
Skylar Diggins,3-PT Made,2.5,1.5,0.0,0.5,PASS,diggisk01w,2025-06-17T11:02:52.975228,,,0,0,,,NORMAL,False,1.0,
Skylar Diggins,Assists,7.5,6.3,0.0,0.5,PASS,diggisk01w,2025-06-17T11:02:52.977194,,,0,0,,,NORMAL,False,1.2000000000000002,
Skylar Diggins,Points,15.5,17.8,0.0,0.5,PASS,diggisk01w,2025-06-17T11:02:52.979280,,,0,0,,,NORMAL,False,-2.3000000000000007,
Skylar Diggins,Points,18.5,17.8,0.0,0.5,PASS,diggisk01w,2025-06-17T11:02:52.981285,,,0,0,,,NORMAL,False,0.6999999999999993,
Skylar Diggins,Points,14.5,17.8,0.0,0.5,PASS,diggisk01w,2025-06-17T11:02:52.983174,0.732,0.15099999999999997,0,0,,,NORMAL,False,-3.3000000000000007,
Skylar Diggins,Pts+Rebs+Asts,26.5,26.2,0.0,0.5,PASS,diggisk01w,2025-06-17T11:02:52.985099,,,0,0,,,NORMAL,False,0.3000000000000007,
Skylar Diggins,Assists,4.5,6.3,0.0,0.5,PASS,diggisk01w,2025-06-17T11:02:52.987019,,,0,0,,,NORMAL,False,-1.7999999999999998,
Skylar Diggins,Fantasy Score,31.5,0.0,0.0,0.5,PASS,diggisk01w,2025-06-17T11:02:52.989134,0.01,0.9,0,0,,confidence,DEMON,True,31.5,
Skylar Diggins,Assists,5.5,6.3,0.0,0.5,PASS,diggisk01w,2025-06-17T11:02:52.991127,,,0,0,,,NORMAL,False,-0.7999999999999998,
Skylar Diggins,Points,24.5,17.8,0.0,0.5,PASS,diggisk01w,2025-06-17T11:02:52.993897,0.049000000000000016,0.8679999999999999,0,0,,confidence,DEMON,True,6.699999999999999,
Skylar Diggins,3-PT Made,0.5,1.5,0.0,0.5,PASS,diggisk01w,2025-06-17T11:02:52.996002,,,0,0,,,NORMAL,False,-1.0,
Skylar Diggins,Assists,6.5,6.3,0.0,0.5,PASS,diggisk01w,2025-06-17T11:02:52.997916,,,0,0,,,NORMAL,False,0.20000000000000018,
Skylar Diggins,Pts+Asts,23.5,24.1,0.0,0.5,PASS,diggisk01w,2025-06-17T11:02:52.999933,,,0,0,,,NORMAL,False,-0.6000000000000014,
Nneka Ogwumike,Points,16.0,16.0,0.0,0.5,PASS,ogwumnn01w,2025-06-17T11:02:53.002942,,,0,0,,,NORMAL,False,0.0,
Nneka Ogwumike,Pts+Rebs,24.5,24.6,0.0,0.5,PASS,ogwumnn01w,2025-06-17T11:02:53.004925,,,0,0,,,NORMAL,False,-0.10000000000000142,
Nneka Ogwumike,Rebounds,10.5,8.6,0.0,0.5,PASS,ogwumnn01w,2025-06-17T11:02:53.006839,,,0,0,,,NORMAL,False,1.9000000000000004,
Nneka Ogwumike,Rebounds,5.5,8.6,0.0,0.5,PASS,ogwumnn01w,2025-06-17T11:02:53.009687,0.724,0.15700000000000003,0,0,,,NORMAL,False,-3.0999999999999996,
Nneka Ogwumike,Rebounds,6.5,8.6,0.0,0.5,PASS,ogwumnn01w,2025-06-17T11:02:53.011582,,,0,0,,,NORMAL,False,-2.0999999999999996,
Nneka Ogwumike,Rebounds,9.5,8.6,0.0,0.5,PASS,ogwumnn01w,2025-06-17T11:02:53.013497,,,0,0,,,NORMAL,False,0.9000000000000004,
Nneka Ogwumike,Points,24.5,16.0,0.0,0.5,PASS,ogwumnn01w,2025-06-17T11:02:53.015459,0.01,0.9,0,0,,confidence,DEMON,True,8.5,
Nneka Ogwumike,Points,17.5,16.0,0.0,0.5,PASS,ogwumnn01w,2025-06-17T11:02:53.018266,,,0,0,,,NORMAL,False,1.5,
Nneka Ogwumike,Rebounds,11.5,8.6,0.0,0.5,PASS,ogwumnn01w,2025-06-17T11:02:53.020208,,,0,0,,,NORMAL,False,2.9000000000000004,
Nneka Ogwumike,Pts+Rebs+Asts,26.5,27.5,0.0,0.5,PASS,ogwumnn01w,2025-06-17T11:02:53.022165,,,0,0,,,NORMAL,False,-1.0,
Nneka Ogwumike,Points,14.5,16.0,0.0,0.5,PASS,ogwumnn01w,2025-06-17T11:02:53.024244,,,0,0,,,NORMAL,False,-1.5,
Nneka Ogwumike,Rebounds,8.0,8.6,0.0,0.5,PASS,ogwumnn01w,2025-06-17T11:02:53.026222,,,0,0,,,NORMAL,False,-0.5999999999999996,
Nneka Ogwumike,Points,19.5,16.0,0.0,0.5,PASS,ogwumnn01w,2025-06-17T11:02:53.028121,,,0,0,,,NORMAL,False,3.5,
Nneka Ogwumike,Rebounds,7.5,8.6,0.0,0.5,PASS,ogwumnn01w,2025-06-17T11:02:53.030239,,,0,0,,,NORMAL,False,-1.0999999999999996,
Nneka Ogwumike,Fantasy Score,32.5,0.0,0.0,0.5,PASS,ogwumnn01w,2025-06-17T11:02:53.033813,0.01,0.9,0,0,,confidence,DEMON,True,32.5,
